,Rk,Player,Nation,Pos,Squad,Age,Born,MP,Starts,Min,Gls,Ast,PK,PKatt,CrdY,CrdR,Gls.1,Ast.1,G+A,G PK,G+A PK,xG,npxG,xA,xG.1,xA.1,xG+xA,npxG.1,npxG+xA,Matches
0,1,Patrick van Aanholt,NED,DF,Crystal Palace,28,1990,22,22,1892,3,0,1,1,0,0,0,0,0,0.1,0.1,1.8,1,1.8,0.09,0.08,0.17,0.05,0.13,Matches
1,2,Max Aarons,ENG,DF,Norwich City,19,2000,27,27,2430,0,1,0,0,6,0,0,0,0,0,0.04,0.5,0.5,3.5,0.02,0.13,0.15,0.02,0.15,Matches
2,3,Tammy Abraham,ENG,FW,Chelsea,21,1997,25,23,1932,13,3,0,0,2,0,0,0,0,0.61,0.75,12.2,12.2,2.3,0.57,0.11,0.67,0.57,0.67,Matches
3,4,Che Adams,ENG,FW,Southampton,23,1996,22,8,731,0,2,0,0,0,0,0,0,0,0,0.25,1.9,1.9,0.9,0.23,0.11,0.34,0.23,0.34,Matches
4,5,Adrian,ESP,GK,Liverpool,32,1987,11,9,875,0,0,0,0,1,0,0,0,0,0,0,0,0,0,0,0,0,0,0,Matches
5,6,Sergio Aguero,ARG,FW,Manchester City,31,1988,22,17,1397,16,3,2,3,1,0,1,0,1,0.9,1.1,13.3,11,2.5,0.85,0.16,1.02,0.71,0.87,Matches
6,7,Albian Ajeti,SUI,MFFW,West Ham,22,1997,8,0,134,0,0,0,0,0,0,0,0,0,0,0,0.1,0.1,0.1,0.07,0.04,0.11,0.07,0.11,Matches
7,8,Nathan Ake,NED,DF,Bournemouth,24,1995,23,23,2014,2,1,0,0,1,0,0,0,0,0.09,0.13,2.3,2.3,0.6,0.1,0.03,0.13,0.1,0.13,Matches
8,9,Marc Albrighton,ENG,MF,Leicester City,29,1989,14,3,486,0,3,0,0,1,0,0,0,0,0,0.56,0.3,0.3,1.2,0.06,0.23,0.29,0.06,0.29,Matches
9,10,Toby Alderweireld,BEL,DF,Tottenham,30,1989,27,27,2417,1,2,0,0,4,0,0,0,0,0.04,0.11,0.8,0.8,0.9,0.03,0.03,0.06,0.03,0.06,Matches
10,11,Trent Alexander Arnold,ENG,DF,Liverpool,20,1998,29,28,2549,2,12,0,0,4,0,0,0,0,0.07,0.49,2.2,2.2,8.6,0.08,0.3,0.38,0.08,0.38,Matches
11,12,Alisson,BRA,GK,Liverpool,26,1992,20,20,1733,0,1,0,0,0,1,0,0,0,0,0.05,0,0,0.4,0,0.02,0.02,0,0.02,Matches
12,13,Dele Alli,ENG,MFFW,Tottenham,23,1996,22,20,1758,8,4,1,1,2,0,0,0,0,0.36,0.56,7,6.2,2.2,0.36,0.11,0.47,0.32,0.43,Matches
13,14,Miguel Almiron,PAR,FWMF,Newcastle Utd,25,1994,28,28,2370,2,1,0,0,5,0,0,0,0,0.08,0.11,5.2,5.2,0.8,0.2,0.03,0.23,0.2,0.23,Matches
14,15,Marcos Alonso,ESP,DF,Chelsea,28,1990,11,9,859,4,2,0,0,3,0,0,0,0,0.42,0.63,1.5,1.5,1.4,0.16,0.14,0.3,0.16,0.3,Matches
15,16,Steven Alzate,COL,MFDF,Brighton,20,1998,19,12,1188,0,0,0,0,1,0,0,0,0,0,0,1.1,1.1,0.7,0.08,0.05,0.14,0.08,0.14,Matches
16,17,Ibrahim Amadou,FRA,DFMF,Norwich City,26,1993,11,8,759,0,0,0,0,1,0,0,0,0,0,0,1,1,0.1,0.12,0.01,0.13,0.12,0.13,Matches
17,18,Felipe Anderson,BRA,MFFW,West Ham,26,1993,22,19,1407,1,4,0,0,1,0,0,0,0,0.06,0.32,2.5,2.5,2.9,0.16,0.18,0.34,0.16,0.34,Matches
18,19,Florin Andone,ROU,MFFW,Brighton,26,1993,3,1,73,1,0,0,0,0,1,1,0,1,1.23,1.23,0.2,0.2,0,0.19,0.05,0.24,0.19,0.24,Matches
19,20,Angelino,ESP,DF,Manchester City,22,1997,6,4,423,0,0,0,0,1,0,0,0,0,0,0,0.2,0.2,1.2,0.05,0.25,0.3,0.05,0.3,Matches
20,21,Faustino Anjorin,ENG,FW,Chelsea,17,2001,1,0,20,0,0,0,0,0,0,0,0,0,0,0,0,0,0,0.1,0,0.1,0.1,0.1,Matches
21,22,Michail Antonio,ENG,FWMF,West Ham,29,1990,15,10,1030,2,2,0,0,1,0,0,0,0,0.17,0.35,4.7,4.7,1.8,0.41,0.16,0.57,0.41,0.57,Matches
22,23,Stuart Armstrong,SCO,MF,Southampton,27,1992,21,12,1142,3,0,0,0,3,0,0,0,0,0.24,0.24,2,2,0.8,0.16,0.07,0.22,0.16,0.22,Matches
23,24,Kepa Arrizabalaga,ESP,GK,Chelsea,24,1994,25,25,2250,0,0,0,0,0,0,0,0,0,0,0,0,0,0,0,0,0,0,0,Matches
24,25,Christian Atsu,GHA,FWMF,Newcastle Utd,27,1992,18,6,742,0,3,0,0,2,0,0,0,0,0,0.36,0.2,0.2,1,0.03,0.12,0.14,0.03,0.14,Matches
25,26,Pierre Emerick Aubameyang,GAB,FW,Arsenal,30,1989,26,26,2303,17,1,1,1,3,1,0,0,0,0.63,0.66,11.3,10.5,2,0.44,0.08,0.52,0.41,0.49,Matches
26,27,Serge Aurier,CIV,DF,Tottenham,26,1992,24,22,1911,1,4,0,0,3,1,0,0,0,0.05,0.24,0.5,0.5,2.4,0.02,0.11,0.13,0.02,0.13,Matches
27,28,Jordan Ayew,GHA,FWMF,Crystal Palace,27,1991,28,28,2382,8,1,0,0,5,0,0,0,0,0.3,0.34,5.7,5.7,1.7,0.22,0.06,0.28,0.22,0.28,Matches
28,29,Cesar Azpilicueta,ESP,DF,Chelsea,29,1989,27,27,2419,2,3,0,0,0,0,0,0,0,0.07,0.19,2.3,2.3,4.5,0.09,0.17,0.25,0.09,0.25,Matches
29,30,Eric Bailly,CIV,DF,Manchester Utd,25,1994,2,1,103,0,0,0,0,0,0,0,0,0,0,0,0,0,0,0,0,0,0,0,Matches
30,31,Leighton Baines,ENG,DF,Everton,34,1984,5,3,334,0,0,0,0,0,0,0,0,0,0,0,0.1,0.1,0.7,0.01,0.18,0.2,0.01,0.2,Matches
31,32,Fabian Balbuena,PAR,DF,West Ham,27,1991,13,12,1081,1,0,0,0,2,0,0,0,0,0.08,0.08,1.7,1.7,0,0.14,0,0.14,0.14,0.14,Matches
32,33,George Baldock,ENG,DF,Sheffield Utd,26,1993,28,28,2520,2,3,0,0,6,0,0,0,0,0.07,0.18,0.5,0.5,1.8,0.02,0.07,0.09,0.02,0.09,Matches
33,34,Phil Bardsley,SCO,DF,Burnley,34,1985,14,14,1260,0,1,0,0,4,0,0,0,0,0,0.07,0.2,0.2,0.3,0.01,0.02,0.04,0.01,0.04,Matches
34,35,Ross Barkley,ENG,MF,Chelsea,25,1993,13,8,675,0,3,0,0,0,0,0,0,0,0,0.4,1.8,1.8,2.2,0.23,0.29,0.52,0.23,0.52,Matches
35,36,Ashley Barnes,AUT,FW,Burnley,29,1989,19,17,1352,6,0,1,1,4,0,0,0,0,0.33,0.33,5.4,4.6,0.5,0.36,0.03,0.39,0.31,0.34,Matches
36,37,Harvey Barnes,ENG,MF,Leicester City,21,1997,27,20,1709,6,6,0,0,0,0,0,0,0,0.32,0.63,6.9,6.9,2.4,0.36,0.13,0.49,0.36,0.49,Matches
37,38,Chris Basham,ENG,DF,Sheffield Utd,31,1988,28,28,2432,0,0,0,0,4,0,0,0,0,0,0,0.6,0.6,0.7,0.02,0.03,0.05,0.02,0.05,Matches
38,39,Borja Baston,ESP,MFFW,Aston Villa,26,1992,2,0,18,0,0,0,0,0,0,0,0,0,0,0,0,0,0,0,0,0,0,0,Matches
39,40,Michy Batshuayi,BEL,FW,Chelsea,25,1993,16,1,239,1,1,0,0,0,0,0,0,0,0.38,0.75,2.2,2.2,0.2,0.82,0.06,0.88,0.82,0.88,Matches
40,41,Jan Bednarek,POL,DF,Southampton,23,1996,27,27,2427,1,0,0,0,3,0,0,0,0,0.04,0.04,0.8,0.8,0.1,0.03,0,0.03,0.03,0.03,Matches
41,42,Hector Bellerin,ESP,DF,Arsenal,24,1995,8,7,624,1,0,0,0,2,0,0,0,0,0.14,0.14,0.2,0.2,0.1,0.03,0.01,0.04,0.03,0.04,Matches
42,43,Ryan Bennett,ENG,DF,Wolves,29,1990,11,7,606,0,0,0,0,2,0,0,0,0,0,0,0,0,0.1,0,0.02,0.02,0,0.02,Matches
43,44,Nabil Bentaleb,ALG,MF,Newcastle Utd,24,1994,3,3,270,0,0,0,0,2,0,0,0,0,0,0,0,0,0.1,0.01,0.05,0.06,0.01,0.06,Matches
44,45,Christian Benteke,BEL,FW,Crystal Palace,28,1990,20,9,926,1,1,0,0,4,0,0,0,0,0.1,0.19,3.4,3.4,2.2,0.33,0.21,0.55,0.33,0.55,Matches
45,46,Johann Berg Gudmundsson,ISL,MF,Burnley,28,1990,7,4,400,1,0,0,0,0,0,0,0,0,0.23,0.23,0.6,0.6,0.5,0.13,0.11,0.24,0.13,0.24,Matches
46,47,Sander Berge,NOR,MF,Sheffield Utd,21,1998,4,3,208,0,0,0,0,0,0,0,0,0,0,0,0,0,0,0.02,0,0.02,0.02,0.02,Matches
47,48,Steven Bergwijn,NED,FWMF,Tottenham,21,1997,5,5,415,2,0,0,0,1,0,0,0,0,0.43,0.43,1,1,0.6,0.23,0.12,0.35,0.23,0.35,Matches
48,49,Bernard,BRA,MFFW,Everton,26,1992,19,13,1021,3,2,0,0,2,0,0,0,0,0.26,0.44,1,1,1.5,0.08,0.13,0.22,0.08,0.22,Matches
49,50,Bernardo,BRA,DF,Brighton,24,1995,10,6,542,0,0,0,0,1,0,0,0,0,0,0,0.3,0.3,0.2,0.05,0.03,0.08,0.05,0.08,Matches
50,51,Ryan Bertrand,ENG,DF,Southampton,29,1989,24,23,2022,1,1,0,0,3,1,0,0,0,0.04,0.09,1.8,1.8,3.1,0.08,0.14,0.22,0.08,0.22,Matches
51,52,Muhamed Besic,BIH,MF,Sheffield Utd,26,1992,9,2,250,0,0,0,0,2,0,0,0,0,0,0,0.2,0.2,0.1,0.05,0.03,0.08,0.05,0.08,Matches
52,53,Philip Billing,DEN,MF,Bournemouth,23,1996,27,25,2164,1,1,0,0,7,0,0,0,0,0.04,0.08,2,2,1.3,0.08,0.05,0.14,0.08,0.14,Matches
53,54,Yves Bissouma,MLI,MF,Brighton,22,1996,13,8,668,0,0,0,0,2,0,0,0,0,0,0,0.2,0.2,0.1,0.03,0.01,0.04,0.03,0.04,Matches
54,55,Willy Boly,FRA,DF,Wolves,28,1991,13,13,1169,0,1,0,0,3,1,0,0,0,0,0.08,0,0,0.3,0,0.03,0.03,0,0.03,Matches
55,56,Gaetan Bong,CMR,MFDF,Brighton,31,1988,4,0,59,0,0,0,0,0,0,0,0,0,0,0,0,0,0.1,0,0.2,0.2,0,0.2,Matches
56,57,Sofiane Boufal,MAR,MFFW,Southampton,25,1993,19,8,762,0,2,0,0,2,0,0,0,0,0,0.24,1,1,2.6,0.11,0.31,0.42,0.11,0.42,Matches
57,58,Jarrod Bowen,ENG,FWMF,West Ham,22,1996,4,2,184,1,0,0,0,0,0,0,0,0,0.49,0.49,0.7,0.7,0.4,0.33,0.21,0.53,0.33,0.53,Matches
58,59,Robbie Brady,IRL,MF,Burnley,27,1992,14,5,401,1,2,0,0,1,0,0,0,0,0.22,0.67,0.9,0.9,0.2,0.21,0.04,0.25,0.21,0.25,Matches
59,60,Claudio Bravo,CHI,GK,Manchester City,36,1983,4,3,347,0,0,0,0,0,0,0,0,0,0,0,0,0,0,0,0,0,0,0,Matches
60,61,Armando Broja,ALB,FW,Chelsea,17,2001,1,0,5,0,0,0,0,0,0,0,0,0,0,0,0,0,0,0,0,0,0,0,Matches
61,62,Josh Brownhill,ENG,MF,Burnley,23,1995,1,0,1,0,0,0,0,0,0,0,0,0,0,0,0,0,0,0,0,0,0,0,Matches
62,63,Emi Buendia,ARG,FWMF,Norwich City,22,1996,28,22,2017,0,7,0,0,4,0,0,0,0,0,0.31,2,2,6.9,0.09,0.31,0.4,0.09,0.4,Matches
63,64,Dan Burn,ENG,DF,Brighton,27,1992,25,25,2147,0,0,0,0,4,0,0,0,0,0,0,0.7,0.7,1.1,0.03,0.04,0.08,0.03,0.08,Matches
64,65,Sam Byram,ENG,DF,Norwich City,25,1993,17,15,1293,0,0,0,0,4,0,0,0,0,0,0,1.3,1.3,0.5,0.09,0.04,0.12,0.09,0.12,Matches
65,66,Willy Caballero,ARG,GK,Chelsea,37,1981,4,4,360,0,0,0,0,0,0,0,0,0,0,0,0,0,0,0,0,0,0,0,Matches
66,67,Gary Cahill,ENG,DF,Crystal Palace,33,1985,20,20,1800,0,1,0,0,1,0,0,0,0,0,0.05,0.9,0.9,0.3,0.05,0.01,0.06,0.05,0.06,Matches
67,68,Dominic Calvert Lewin,ENG,FW,Everton,22,1997,27,22,1909,13,1,0,0,7,0,0,0,0,0.61,0.66,12.3,12.3,0.9,0.58,0.04,0.63,0.58,0.63,Matches
68,69,Victor Camarasa,ESP,MF,Crystal Palace,25,1994,1,0,6,0,0,0,0,0,0,0,0,0,0,0,0,0,0,0,0,0,0,0,Matches
69,70,Joao Cancelo,POR,DF,Manchester City,25,1994,11,8,785,0,0,0,0,2,0,0,0,0,0,0,0.2,0.2,1.1,0.02,0.12,0.15,0.02,0.15,Matches
70,71,Todd Cantwell,ENG,FW,Norwich City,21,1998,29,25,2070,6,2,0,0,4,0,0,0,0,0.26,0.35,5.7,5.7,2.6,0.25,0.11,0.36,0.25,0.36,Matches
71,72,Etienne Capoue,FRA,MF,Watford,31,1988,24,24,2138,0,2,0,0,7,0,0,0,0,0,0.08,0.8,0.8,1.8,0.03,0.08,0.11,0.03,0.11,Matches
72,73,Andy Carroll,ENG,FW,Newcastle Utd,30,1989,13,4,516,0,3,0,0,1,0,0,0,0,0,0.52,0.5,0.5,1.6,0.08,0.27,0.35,0.08,0.35,Matches
73,74,Jonny Castro,ESP,DF,Wolves,25,1994,26,25,2194,1,1,0,0,4,0,0,0,0,0.04,0.08,1.1,1.1,0.8,0.04,0.03,0.08,0.04,0.08,Matches
74,75,Craig Cathcart,NIR,DF,Watford,30,1989,27,27,2353,0,0,0,0,6,0,0,0,0,0,0,0.1,0.1,0.1,0,0,0.01,0,0.01,Matches
75,76,Dani Ceballos,ESP,MF,Arsenal,22,1996,14,10,908,0,2,0,0,0,0,0,0,0,0,0.2,0.4,0.4,0.9,0.04,0.09,0.13,0.04,0.13,Matches
76,77,Nathaniel Chalobah,ENG,MF,Watford,24,1994,15,9,776,0,1,0,0,1,0,0,0,0,0,0.12,0.3,0.3,0.7,0.04,0.08,0.12,0.04,0.12,Matches
77,78,Calum Chambers,ENG,DF,Arsenal,24,1995,14,13,1102,1,1,0,0,5,0,0,0,0,0.08,0.16,0.6,0.6,0.8,0.05,0.06,0.12,0.05,0.12,Matches
78,79,Ben Chilwell,ENG,DF,Leicester City,22,1996,23,23,2059,2,3,0,0,2,0,0,0,0,0.09,0.22,0.8,0.8,2.9,0.03,0.13,0.16,0.03,0.16,Matches
79,80,Tahith Chong,NED,FWMF,Manchester Utd,19,1999,3,0,37,0,0,0,0,0,0,0,0,0,0,0,0.1,0.1,0,0.15,0,0.15,0.15,0.15,Matches
80,81,Hamza Choudhury,ENG,MF,Leicester City,21,1997,16,9,784,1,1,0,0,4,1,0,0,0,0.11,0.23,0.5,0.5,0.1,0.06,0.01,0.07,0.06,0.07,Matches
81,82,Andreas Christensen,DEN,DF,Chelsea,23,1996,15,15,1256,0,0,0,0,5,0,0,0,0,0,0,0.5,0.5,0.5,0.04,0.04,0.07,0.04,0.07,Matches
82,83,Ciaran Clark,IRL,DF,Newcastle Utd,29,1989,14,14,1186,2,0,0,0,3,0,0,0,0,0.15,0.15,1.2,1.2,0,0.09,0,0.1,0.09,0.1,Matches
83,84,Leon Clarke,ENG,MF,Sheffield Utd,34,1985,1,0,14,0,0,0,0,0,0,0,0,0,0,0,0.4,0.4,0,2.62,0,2.62,2.62,2.62,Matches
84,85,Tom Cleverley,ENG,MF,Watford,29,1989,10,8,657,1,0,0,0,0,0,0,0,0,0.14,0.14,1.5,1.5,0.4,0.2,0.06,0.26,0.2,0.26,Matches
85,86,Conor Coady,ENG,DF,Wolves,26,1993,29,29,2610,0,0,0,0,3,0,0,0,0,0,0,0,0,0.5,0,0.02,0.02,0,0.02,Matches
86,87,Seamus Coleman,IRL,DF,Everton,30,1988,18,14,1193,0,1,0,0,5,1,0,0,0,0,0.08,0.6,0.6,0.6,0.04,0.04,0.08,0.04,0.08,Matches
87,88,Aaron Connolly,IRL,FW,Brighton,19,2000,17,9,833,2,0,0,0,0,0,0,0,0,0.22,0.22,2.4,2.4,0.2,0.26,0.02,0.28,0.26,0.28,Matches
88,89,Lewis Cook,ENG,MF,Bournemouth,22,1997,20,11,1009,0,0,0,0,3,0,0,0,0,0,0,0.2,0.2,0.8,0.02,0.07,0.09,0.02,0.09,Matches
89,90,Steve Cook,ENG,DF,Bournemouth,28,1991,22,22,1848,1,0,0,0,4,1,0,0,0,0.05,0.05,0.7,0.7,0.3,0.03,0.01,0.05,0.03,0.05,Matches
90,91,Jack Cork,ENG,MF,Burnley,30,1989,27,27,2364,0,0,0,0,1,0,0,0,0,0,0,1.8,1.8,0.7,0.07,0.03,0.09,0.07,0.09,Matches
91,92,Aaron Cresswell,ENG,DF,West Ham,29,1989,23,23,2023,3,0,0,0,7,0,0,0,0,0.13,0.13,1.2,1.2,1.3,0.05,0.06,0.11,0.05,0.11,Matches
92,93,Patrick Cutrone,ITA,FW,Wolves,21,1998,12,3,297,2,0,0,0,0,0,0,0,0,0.61,0.61,2.3,2.3,0,0.7,0.01,0.72,0.7,0.72,Matches
93,94,Diogo Dalot,POR,DF,Manchester Utd,20,1999,4,1,67,0,0,0,0,0,0,0,0,0,0,0,0.1,0.1,0,0.2,0,0.2,0.2,0.2,Matches
94,95,Charlie Daniels,ENG,DF,Bournemouth,32,1986,2,2,126,0,0,0,0,0,0,0,0,0,0,0,0,0,0.1,0,0.05,0.05,0,0.05,Matches
95,96,Scott Dann,ENG,DF,Crystal Palace,32,1987,9,7,636,0,1,0,0,0,0,0,0,0,0,0.14,0.2,0.2,0.2,0.02,0.03,0.06,0.02,0.06,Matches
96,97,Kevin Danso,AUT,DF,Southampton,20,1998,6,3,277,0,1,0,0,2,1,0,0,0,0,0.32,0.1,0.1,0.2,0.03,0.06,0.09,0.03,0.09,Matches
97,98,Ben Davies,WAL,DF,Tottenham,26,1993,9,7,631,0,0,0,0,2,0,0,0,0,0,0,0.1,0.1,0.4,0.02,0.06,0.08,0.02,0.08,Matches
98,99,Tom Davies,ENG,MF,Everton,21,1998,21,15,1371,1,0,0,0,7,0,0,0,0,0.07,0.07,1.7,1.7,0.3,0.11,0.02,0.13,0.11,0.13,Matches
99,100,Keinan Davis,ENG,FW,Aston Villa,21,1998,8,0,137,0,0,0,0,0,0,0,0,0,0,0,0.7,0.7,0.1,0.48,0.05,0.53,0.48,0.53,Matches
100,101,Craig Dawson,ENG,DF,Watford,29,1990,20,17,1551,0,0,0,0,4,0,0,0,0,0,0,0.8,0.8,0,0.05,0,0.05,0.05,0.05,Matches
101,102,Kevin De Bruyne,BEL,MF,Manchester City,28,1991,26,25,2147,8,17,0,0,2,0,0,0,1,0.34,1.05,4.9,4.9,13.4,0.21,0.56,0.77,0.21,0.77,Matches
102,103,Troy Deeney,ENG,FW,Watford,31,1988,18,17,1502,6,2,2,3,3,0,0,0,0,0.24,0.36,6.3,4.1,2.4,0.38,0.14,0.52,0.24,0.39,Matches
103,104,Fabian Delph,ENG,MF,Everton,29,1989,16,13,1190,0,0,0,0,5,1,0,0,0,0,0,0.1,0.1,0.3,0,0.03,0.03,0,0.03,Matches
104,105,Leander Dendoncker,BEL,DFMF,Wolves,24,1995,29,26,2281,2,0,0,0,4,0,0,0,0,0.08,0.08,1.4,1.4,0.6,0.05,0.02,0.08,0.05,0.08,Matches
105,106,Gerard Deulofeu,ESP,FW,Watford,25,1994,28,25,2098,4,5,1,1,3,0,0,0,0,0.13,0.34,5.3,4.5,4.6,0.23,0.2,0.42,0.19,0.39,Matches
106,107,Eric Dier,ENG,MFDF,Tottenham,25,1994,14,10,894,0,2,0,0,4,0,0,0,0,0,0.2,0.9,0.9,0.1,0.09,0.01,0.1,0.09,0.1,Matches
107,108,Lucas Digne,FRA,DF,Everton,26,1993,26,26,2241,0,5,0,0,2,0,0,0,0,0,0.2,1.1,1.1,4.6,0.04,0.18,0.23,0.04,0.23,Matches
108,109,Virgil van Dijk,NED,DF,Liverpool,28,1991,29,29,2610,4,1,0,0,1,0,0,0,0,0.14,0.17,2,2,1,0.07,0.03,0.1,0.07,0.1,Matches
109,110,Issa Diop,FRA,DF,West Ham,22,1997,23,22,1956,3,0,0,0,8,0,0,0,0,0.14,0.14,1.4,1.4,0.3,0.06,0.01,0.08,0.06,0.08,Matches
110,111,Moussa Djenepo,MLI,MFDF,Southampton,21,1998,18,10,928,2,2,0,0,4,1,0,0,0,0.19,0.39,2.4,2.4,1.4,0.23,0.14,0.37,0.23,0.37,Matches
111,112,Matt Doherty,IRL,DF,Wolves,27,1992,27,24,2149,4,1,0,0,1,0,0,0,0,0.17,0.21,4.7,4.7,0.8,0.2,0.03,0.23,0.2,0.23,Matches
112,113,Abdoulaye Doucoure,FRA,MF,Watford,26,1993,28,28,2443,4,2,0,0,8,0,0,0,0,0.15,0.22,4.1,4.1,2.6,0.15,0.1,0.25,0.15,0.25,Matches
113,114,Danny Drinkwater,ENG,MF,Burnley,29,1990,1,1,58,0,0,0,0,0,0,0,0,0,0,0,0,0,0,0,0,0,0,0,Matches
114,115,Danny Drinkwater,ENG,MF,Aston Villa,29,1990,4,4,259,0,0,0,0,1,0,0,0,0,0,0,0.1,0.1,0,0.04,0.01,0.05,0.04,0.05,Matches
115,116,Josip Drmic,SUI,FWMF,Norwich City,26,1992,14,0,228,1,0,0,0,0,0,0,0,0,0.39,0.39,2.4,2.4,0.1,0.93,0.04,0.97,0.93,0.97,Matches
116,117,Martin Dubravka,SVK,GK,Newcastle Utd,30,1989,29,29,2610,0,0,0,0,0,0,0,0,0,0,0,0,0,0,0,0,0,0,0,Matches
117,118,Ondrej Duda,SVK,MF,Norwich City,24,1994,7,7,577,0,0,0,0,0,0,0,0,0,0,0,0.7,0.7,1,0.11,0.15,0.27,0.11,0.27,Matches
118,119,Shane Duffy,IRL,DF,Brighton,27,1992,15,11,1075,1,0,0,0,1,0,0,0,0,0.08,0.08,1.5,1.5,0,0.13,0,0.13,0.13,0.13,Matches
119,120,Paul Dummett,WAL,DF,Newcastle Utd,27,1991,16,14,1228,0,0,0,0,2,0,0,0,0,0,0,0,0,0.1,0,0.01,0.01,0,0.01,Matches
120,121,Lewis Dunk,ENG,DF,Brighton,27,1991,27,27,2430,2,3,0,0,9,0,0,0,0,0.07,0.19,3.2,3.2,0.9,0.12,0.03,0.15,0.12,0.15,Matches
121,122,Ederson,BRA,GK,Manchester City,25,1993,25,25,2171,0,0,0,0,3,1,0,0,0,0,0,0,0,0,0,0,0,0,0,Matches
122,123,John Egan,IRL,DF,Sheffield Utd,26,1992,27,27,2418,0,0,0,0,2,0,0,0,0,0,0,1.4,1.4,0.1,0.05,0,0.06,0.05,0.06,Matches
123,124,Harvey Elliot,ENG,FW,Liverpool,0,0,1,0,1,0,0,0,0,0,0,0,0,0,0,0,0,0,0,0,0,0,0,0,Matches
124,125,Ahmed Elmohamady,EGY,DF,Aston Villa,31,1987,12,8,767,0,1,0,0,0,0,0,0,0,0,0.12,0.2,0.2,1.2,0.03,0.14,0.17,0.03,0.17,Matches
125,126,Bjorn Engels,BEL,DF,Aston Villa,24,1994,17,15,1447,1,0,0,0,1,0,0,0,0,0.06,0.06,0.9,0.9,0.1,0.05,0.01,0.06,0.05,0.06,Matches
126,127,Christian Eriksen,DEN,MFFW,Tottenham,27,1992,20,10,1097,2,2,0,0,5,0,0,0,0,0.16,0.33,2,2,2,0.16,0.17,0.33,0.16,0.33,Matches
127,128,Jonny Evans,NIR,DF,Leicester City,31,1988,29,29,2574,1,1,0,0,5,0,0,0,0,0.03,0.07,2.1,2.1,0.4,0.07,0.01,0.09,0.07,0.09,Matches
128,129,Lukasz Fabianski,POL,GK,West Ham,34,1985,16,16,1307,0,0,0,0,1,0,0,0,0,0,0,0,0,0,0,0,0,0,0,Matches
129,130,Fabinho,BRA,MF,Liverpool,25,1993,20,15,1449,1,1,0,0,5,0,0,0,0,0.06,0.12,0.2,0.2,1.2,0.01,0.08,0.09,0.01,0.09,Matches
130,131,Ralf Fahrmann,GER,GK,Norwich City,30,1988,1,1,21,0,0,0,0,0,0,0,0,0,0,0,0,0,0,0,0,0,0,0,Matches
131,132,Kiko Femenia,ESP,DF,Watford,28,1991,19,17,1526,0,0,0,0,5,0,0,0,0,0,0,0.1,0.1,1.2,0.01,0.07,0.07,0.01,0.07,Matches
132,133,Bruno Fernandes,POR,MF,Manchester Utd,24,1994,5,5,446,2,3,1,1,1,0,0,0,1,0.2,0.81,1.9,1.1,0.9,0.38,0.18,0.56,0.23,0.41,Matches
133,134,Gedson Fernandes,POR,MFDF,Tottenham,20,1999,4,0,44,0,0,0,0,0,0,0,0,0,0,0,0,0,0.1,0.06,0.29,0.35,0.06,0.35,Matches
134,135,Federico Fernandez,ARG,DF,Newcastle Utd,30,1989,23,20,1810,2,1,0,0,4,0,0,0,0,0.1,0.15,1.4,1.4,0.3,0.07,0.02,0.09,0.07,0.09,Matches
135,136,Fernandinho,BRA,DF,Manchester City,34,1985,23,22,1996,0,0,0,0,8,1,0,0,0,0,0,0.8,0.8,0.3,0.04,0.01,0.05,0.04,0.05,Matches
136,137,Roberto Firmino,BRA,FWMF,Liverpool,27,1991,29,27,2410,8,7,0,0,0,0,0,0,0,0.3,0.56,12.2,12.2,4.9,0.46,0.18,0.64,0.46,0.64,Matches
137,138,John Fleck,SCO,MF,Sheffield Utd,27,1991,25,25,2188,5,2,0,0,7,0,0,0,0,0.21,0.29,3.4,3.4,3.2,0.14,0.13,0.27,0.14,0.27,Matches
138,139,Phil Foden,ENG,MFFW,Manchester City,19,2000,14,3,363,0,1,0,0,0,0,0,0,0,0,0.25,0.4,0.4,0.5,0.11,0.14,0.24,0.11,0.24,Matches
139,140,Pablo Fornals,ESP,MF,West Ham,23,1996,27,15,1465,2,5,0,0,2,0,0,0,0,0.12,0.43,2.5,2.5,2,0.16,0.12,0.28,0.16,0.28,Matches
140,141,Ben Foster,ENG,GK,Watford,36,1983,29,29,2610,0,0,0,0,1,0,0,0,0,0,0,0.1,0.1,0,0,0,0,0,0,Matches
141,142,Dimitri Foulquier,FRA,MFDF,Watford,26,1993,3,1,59,0,0,0,0,0,0,0,0,0,0,0,0,0,0,0,0.03,0.03,0,0.03,Matches
142,143,Juan Foyth,ARG,DF,Tottenham,21,1998,4,1,68,0,0,0,0,1,0,0,0,0,0,0,0,0,0,0,0.03,0.03,0,0.03,Matches
143,144,Simon Francis,ENG,DF,Bournemouth,34,1985,15,10,969,0,0,0,0,5,1,0,0,0,0,0,0.2,0.2,0.4,0.02,0.03,0.05,0.02,0.05,Matches
144,145,Ryan Fraser,SCO,MFFW,Bournemouth,25,1994,28,21,2067,1,4,0,0,2,0,0,0,0,0.04,0.22,3.3,3.3,4,0.14,0.18,0.32,0.14,0.32,Matches
145,146,Fred,BRA,MF,Manchester Utd,26,1993,25,22,2029,0,0,0,0,7,0,0,0,0,0,0,1.7,1.7,2.7,0.07,0.12,0.2,0.07,0.2,Matches
146,147,Ryan Fredericks,ENG,DF,West Ham,26,1992,20,19,1687,0,2,0,0,5,0,0,0,0,0,0.11,0,0,1.5,0,0.08,0.08,0,0.08,Matches
147,148,Luke Freeman,ENG,MF,Sheffield Utd,27,1992,9,3,326,0,0,0,0,2,0,0,0,0,0,0,0,0,0.3,0.01,0.07,0.09,0.01,0.09,Matches
148,149,Christian Fuchs,AUT,DF,Leicester City,33,1986,8,7,634,0,0,0,0,0,0,0,0,0,0,0,0.1,0.1,0.1,0.02,0.01,0.03,0.02,0.03,Matches
149,150,Eric Garcia,ESP,DF,Manchester City,18,2001,6,2,272,0,0,0,0,0,0,0,0,0,0,0,0,0,0,0,0,0,0,0,Matches
150,151,James Garner,ENG,MF,Manchester Utd,18,2001,1,0,9,0,0,0,0,0,0,0,0,0,0,0,0,0,0,0,0,0,0,0,Matches
151,152,Dwight Gayle,ENG,FW,Newcastle Utd,28,1990,12,4,384,0,1,0,0,1,0,0,0,0,0,0.23,2.4,2.4,0.2,0.55,0.05,0.6,0.55,0.6,Matches
152,153,Paulo Gazzaniga,ARG,GK,Tottenham,27,1992,18,17,1613,0,0,0,0,1,0,0,0,0,0,0,0,0,0.4,0,0.02,0.02,0,0.02,Matches
153,154,Jean Philippe Gbamin,CIV,MF,Everton,23,1995,2,1,136,0,0,0,0,0,0,0,0,0,0,0,0,0,0,0,0,0,0,0,Matches
154,155,David de Gea,ESP,GK,Manchester Utd,28,1990,29,29,2610,0,0,0,0,2,0,0,0,0,0,0,0,0,0,0,0,0,0,0,Matches
155,156,Anwar El Ghazi,NED,FWMF,Aston Villa,24,1995,25,21,1675,4,4,1,1,3,0,0,0,0,0.16,0.38,5.5,4.7,2.5,0.29,0.14,0.43,0.25,0.39,Matches
156,157,Morgan Gibbs White,ENG,MFFW,Wolves,19,2000,4,1,125,0,0,0,0,0,0,0,0,0,0,0,0.1,0.1,0.1,0.06,0.06,0.13,0.06,0.13,Matches
157,158,Billy Gilmour,SCO,MF,Chelsea,18,2001,3,1,101,0,0,0,0,0,0,0,0,0,0,0,0.1,0.1,0.1,0.05,0.07,0.12,0.05,0.12,Matches
158,159,Olivier Giroud,FRA,FW,Chelsea,32,1986,9,5,441,2,0,0,0,0,0,0,0,0,0.41,0.41,1.9,1.9,0.8,0.38,0.17,0.55,0.38,0.55,Matches
159,160,Ben Godfrey,ENG,DF,Norwich City,21,1998,21,21,1834,0,0,0,0,2,1,0,0,0,0,0,0.5,0.5,0,0.03,0,0.03,0.03,0.03,Matches
160,161,Andre Gomes,POR,MF,Everton,26,1993,11,9,787,0,0,0,0,5,0,0,0,0,0,0,0.2,0.2,0.4,0.03,0.05,0.07,0.03,0.07,Matches
161,162,Angel Gomes,ENG,MF,Manchester Utd,18,2000,2,0,21,0,0,0,0,0,0,0,0,0,0,0,0,0,0.2,0,0.66,0.66,0,0.66,Matches
162,163,Joe Gomez,ENG,DF,Liverpool,22,1997,19,14,1281,0,0,0,0,3,0,0,0,0,0,0,0,0,0.1,0,0.01,0.01,0,0.01,Matches
163,164,Anthony Gordon,ENG,MFFW,Everton,18,2001,2,0,60,0,0,0,0,0,0,0,0,0,0,0,0.2,0.2,0,0.23,0,0.23,0.23,0.23,Matches
164,165,Dan Gosling,ENG,MF,Bournemouth,29,1990,16,10,884,2,1,0,0,1,0,0,0,0,0.2,0.31,1.6,1.6,0.3,0.16,0.03,0.19,0.16,0.19,Matches
165,166,Andre Gray,ENG,FW,Watford,28,1991,20,7,724,2,0,0,0,1,0,0,0,0,0.25,0.25,2.8,2.8,1.7,0.35,0.21,0.55,0.35,0.55,Matches
166,167,Demarai Gray,ENG,MFFW,Leicester City,23,1996,14,2,421,1,1,0,1,1,0,0,0,0,0.21,0.43,1.9,1.1,0.7,0.4,0.15,0.55,0.24,0.39,Matches
167,168,Jack Grealish,ENG,FWMF,Aston Villa,23,1995,26,26,2333,7,6,0,1,7,0,0,0,0,0.27,0.5,5.5,4.7,5.1,0.21,0.2,0.41,0.18,0.38,Matches
168,169,Mason Greenwood,ENG,FWMF,Manchester Utd,17,2001,22,4,660,5,0,0,0,0,0,0,0,0,0.68,0.68,2.1,2.1,0.3,0.29,0.04,0.33,0.29,0.33,Matches
169,170,Arnaut Groeneveld,NED,MF,Bournemouth,22,1997,9,4,409,0,0,0,0,0,0,0,0,0,0,0,0.7,0.7,0.1,0.15,0.03,0.18,0.15,0.18,Matches
170,171,Pascal Gross,GER,MFFW,Brighton,28,1991,23,18,1488,2,4,0,0,2,0,0,0,0,0.12,0.36,1.8,1.8,4.9,0.11,0.3,0.41,0.11,0.41,Matches
171,172,Vicente Guaita,ESP,GK,Crystal Palace,32,1987,27,27,2430,0,0,0,0,1,0,0,0,0,0,0,0,0,0,0,0,0,0,0,Matches
172,173,Matteo Guendouzi,FRA,MF,Arsenal,20,1999,22,17,1592,0,1,0,0,6,0,0,0,0,0,0.06,0.6,0.6,1.1,0.03,0.06,0.09,0.03,0.09,Matches
173,174,Frederic Guilbert,FRA,DF,Aston Villa,24,1994,23,21,1900,0,2,0,0,7,0,0,0,0,0,0.09,0.3,0.3,1.4,0.01,0.07,0.08,0.01,0.08,Matches
174,175,Ilkay Gundogan,GER,MF,Manchester City,28,1990,25,17,1593,2,1,1,2,7,0,0,0,0,0.06,0.11,4.3,2.8,2.4,0.24,0.14,0.38,0.16,0.29,Matches
175,176,Angus Gunn,ENG,GK,Southampton,23,1996,10,10,900,0,0,0,0,0,0,0,0,0,0,0,0,0,0,0,0,0,0,0,Matches
176,177,Sebastien Haller,FRA,FW,West Ham,25,1994,27,24,2147,7,1,0,0,1,0,0,0,0,0.29,0.34,7,7,1.9,0.3,0.08,0.38,0.3,0.38,Matches
177,178,Grant Hanley,SCO,DF,Norwich City,27,1991,15,14,1262,0,0,0,0,4,0,0,0,0,0,0,0.5,0.5,0,0.04,0,0.04,0.04,0.04,Matches
178,179,Kortney Hause,ENG,DF,Aston Villa,24,1995,11,11,990,0,0,0,0,2,0,0,0,0,0,0,0.7,0.7,0,0.06,0,0.06,0.06,0.06,Matches
179,180,Isaac Hayden,ENG,MF,Newcastle Utd,24,1995,24,23,1966,1,1,0,0,4,1,0,0,0,0.05,0.09,0.9,0.9,1.5,0.04,0.07,0.11,0.04,0.11,Matches
180,181,Tom Heaton,ENG,GK,Aston Villa,33,1986,20,20,1794,0,0,0,0,0,0,0,0,0,0,0,0,0,0,0,0,0,0,0,Matches
181,182,Dean Henderson,ENG,GK,Sheffield Utd,22,1997,27,27,2430,0,0,0,0,2,0,0,0,0,0,0,0,0,0,0,0,0,0,0,Matches
182,183,Jordan Henderson,ENG,MF,Liverpool,29,1990,25,22,1886,3,5,0,0,1,0,0,0,0,0.14,0.38,1.1,1.1,2.9,0.05,0.14,0.19,0.05,0.19,Matches
183,184,Jeff Hendrick,IRL,MF,Burnley,27,1992,24,22,1931,2,2,0,0,8,0,0,0,0,0.09,0.19,1.7,1.7,0.8,0.08,0.04,0.12,0.08,0.12,Matches
184,185,Wayne Hennessey,WAL,GK,Crystal Palace,32,1987,2,2,180,0,0,0,0,0,0,0,0,0,0,0,0,0,0,0,0,0,0,0,Matches
185,186,Javier Hernandez,MEX,FW,West Ham,31,1988,2,1,107,1,0,0,0,0,0,0,0,0,0.84,0.84,0.7,0.7,0,0.62,0,0.62,0.62,0.62,Matches
186,187,Onel Hernandez,CUB,FWMF,Norwich City,26,1993,17,7,765,1,1,0,0,0,0,0,0,0,0.12,0.24,1.1,1.1,0.6,0.13,0.07,0.2,0.13,0.2,Matches
187,188,Son Heung min,KOR,FW,Tottenham,27,1992,21,20,1743,9,7,0,1,0,2,0,0,0,0.46,0.83,7.2,6.3,4.9,0.37,0.25,0.62,0.33,0.58,Matches
188,189,Rob Holding,ENG,DFFW,Arsenal,23,1995,2,1,86,0,0,0,0,0,0,0,0,0,0,0,0,0,0,0,0,0,0,0,Matches
189,190,Jose Holebas,GRE,DF,Watford,35,1984,12,11,1005,0,0,0,0,5,0,0,0,0,0,0,0.4,0.4,0.7,0.04,0.07,0.1,0.04,0.1,Matches
190,191,Mason Holgate,ENG,DF,Everton,22,1996,22,19,1734,0,3,0,0,4,0,0,0,0,0,0.16,2.2,2.2,0.5,0.12,0.03,0.14,0.12,0.14,Matches
191,192,Nathan Holland,ENG,MF,West Ham,21,1998,2,0,33,0,0,0,0,0,0,0,0,0,0,0,0,0,0,0.1,0,0.1,0.1,0.1,Matches
192,193,Conor Hourihane,IRL,MF,Aston Villa,28,1991,18,11,946,3,2,0,0,4,0,0,0,0,0.29,0.48,1.1,1.1,2.8,0.11,0.27,0.37,0.11,0.37,Matches
193,194,Callum Hudson Odoi,ENG,FW,Chelsea,18,2000,17,7,777,1,4,0,0,1,0,0,0,0,0.12,0.58,2,2,2.3,0.23,0.27,0.49,0.23,0.49,Matches
194,195,Will Hughes,ENG,MF,Watford,24,1995,21,18,1510,1,1,0,0,4,0,0,0,0,0.06,0.12,2.4,2.4,0.8,0.14,0.05,0.19,0.14,0.19,Matches
195,196,Pierre Hojbjerg,DEN,MF,Southampton,23,1995,28,27,2448,0,1,0,0,5,0,0,0,0,0,0.04,2.2,2.2,1.8,0.08,0.07,0.15,0.08,0.15,Matches
196,197,Jordon Ibe,ENG,DF,Bournemouth,23,1995,2,0,50,0,0,0,0,0,0,0,0,0,0,0,0,0,0,0,0,0,0,0,Matches
197,198,Adam Idah,IRL,FW,Norwich City,18,2001,3,1,69,0,0,0,0,0,0,0,0,0,0,0,0,0,0,0,0,0,0,0,Matches
198,199,Odion Ighalo,NGA,FW,Manchester Utd,30,1989,4,0,34,0,0,0,0,0,0,0,0,0,0,0,1.1,1.1,0.1,2.87,0.21,3.08,2.87,3.08,Matches
199,200,Kelechi Iheanacho,NGA,FW,Leicester City,22,1996,12,7,584,3,3,0,0,1,0,0,0,0,0.46,0.92,2.8,2.8,2.1,0.43,0.33,0.76,0.43,0.76,Matches
200,201,Danny Ings,ENG,FW,Southampton,27,1992,29,23,1999,15,1,0,0,2,0,0,0,0,0.68,0.72,11.6,11.6,1.6,0.52,0.07,0.59,0.52,0.59,Matches
201,202,Alex Iwobi,NGA,MFFW,Everton,23,1996,18,13,1167,1,0,0,0,0,0,0,0,0,0.08,0.08,2.1,2.1,2,0.16,0.15,0.31,0.16,0.31,Matches
202,203,Phil Jagielka,ENG,DF,Sheffield Utd,36,1982,4,1,131,0,0,0,0,0,0,0,0,0,0,0,0,0,0,0,0,0,0,0,Matches
203,204,Alireza Jahanbakhsh,IRN,FWMF,Brighton,25,1993,8,3,289,2,0,0,0,0,0,0,0,0,0.62,0.62,0.5,0.5,0.1,0.15,0.02,0.17,0.15,0.17,Matches
204,205,Daniel James,WAL,FW,Manchester Utd,21,1997,27,25,2167,3,6,0,0,3,0,0,0,0,0.12,0.37,3.1,3.1,4,0.13,0.16,0.29,0.13,0.29,Matches
205,206,Matty James,ENG,MF,Leicester City,28,1991,1,0,6,0,0,0,0,0,0,0,0,0,0,0,0,0,0,0,0,0,0,0,Matches
206,207,Reece James,ENG,DF,Chelsea,19,1999,17,11,1069,0,2,0,0,1,0,0,0,0,0,0.17,0.7,0.7,1.8,0.06,0.15,0.21,0.06,0.21,Matches
207,208,Daryl Janmaat,NED,DF,Watford,30,1989,8,7,607,0,1,0,0,1,0,0,0,0,0,0.15,0.3,0.3,0.4,0.04,0.06,0.11,0.04,0.11,Matches
208,209,Gabriel Jesus,BRA,FW,Manchester City,22,1997,24,13,1343,10,4,0,1,2,0,0,0,0,0.67,0.94,13.2,12.4,1.4,0.88,0.09,0.98,0.83,0.93,Matches
209,210,Raul Jimenez,MEX,FW,Wolves,28,1991,29,28,2454,13,6,3,3,3,0,0,0,0,0.37,0.59,12.9,10.6,5.1,0.47,0.19,0.66,0.39,0.58,Matches
210,211,Joelinton,BRA,FW,Newcastle Utd,22,1996,29,27,2223,1,2,0,0,6,0,0,0,0,0.04,0.12,3.9,3.9,2.2,0.16,0.09,0.25,0.16,0.25,Matches
211,212,Curtis Jones,ENG,MF,Liverpool,18,2001,2,0,21,0,0,0,0,0,0,0,0,0,0,0,0,0,0,0.2,0,0.2,0.2,0.2,Matches
212,213,Phil Jones,ENG,DF,Manchester Utd,27,1992,2,2,135,0,0,0,0,0,0,0,0,0,0,0,0.2,0.2,0,0.15,0,0.15,0.15,0.15,Matches
213,214,Jorginho,ITA,MF,Chelsea,27,1991,26,23,2011,4,2,3,3,10,0,0,0,0,0.04,0.13,3.5,1.2,2.2,0.16,0.1,0.26,0.05,0.15,Matches
214,215,Jota,ESP,FWMF,Aston Villa,28,1991,8,4,314,0,1,0,0,0,0,0,0,0,0,0.29,0.1,0.1,0.6,0.04,0.18,0.21,0.04,0.21,Matches
215,216,Diogo Jota,POR,FWMF,Wolves,22,1996,25,21,1761,6,1,0,0,3,0,0,0,0,0.31,0.36,8.5,8.5,2.6,0.43,0.13,0.57,0.43,0.57,Matches
216,217,James Justin,ENG,DF,Leicester City,21,1998,4,2,202,0,1,0,0,0,0,0,0,0,0,0.45,0,0,0.4,0,0.19,0.19,0,0.19,Matches
217,218,Christian Kabasele,BEL,DF,Watford,28,1991,19,18,1575,0,1,0,0,3,2,0,0,0,0,0.06,0.9,0.9,0.3,0.05,0.02,0.07,0.05,0.07,Matches
218,219,Harry Kane,ENG,FW,Tottenham,26,1993,20,20,1778,11,2,2,2,2,0,0,0,0,0.46,0.56,6.9,5.4,1.8,0.35,0.09,0.44,0.27,0.36,Matches
219,220,NGolo Kante,FRA,MF,Chelsea,28,1991,18,16,1385,3,0,0,0,3,0,0,0,0,0.19,0.19,1.5,1.5,2,0.1,0.13,0.23,0.1,0.23,Matches
220,221,Moise Kean,ITA,FWMF,Everton,19,2000,22,5,687,1,2,0,0,0,0,0,0,0,0.13,0.39,3,3,0.5,0.4,0.07,0.46,0.4,0.46,Matches
221,222,Michael Keane,ENG,DF,Everton,26,1993,22,19,1749,1,0,0,0,0,0,0,0,0,0.05,0.05,1.4,1.4,0.4,0.07,0.02,0.09,0.07,0.09,Matches
222,223,Naby Keita,GUI,MF,Liverpool,24,1995,9,4,370,1,1,0,0,1,0,0,0,0,0.24,0.49,1.4,1.4,1.2,0.33,0.29,0.62,0.33,0.62,Matches
223,224,Martin Kelly,ENG,DF,Crystal Palace,29,1990,19,17,1549,0,1,0,0,0,0,0,0,0,0,0.06,0.1,0.1,0.9,0.01,0.05,0.06,0.01,0.06,Matches
224,225,Max Kilman,ENG,DF,Wolves,22,1997,3,2,185,0,0,0,0,0,0,0,0,0,0,0,0,0,0,0,0,0,0,0,Matches
225,226,Joshua King,NOR,FWMF,Bournemouth,27,1992,19,17,1462,4,2,1,1,0,0,0,0,0,0.18,0.31,4.8,4,2.7,0.29,0.17,0.46,0.25,0.41,Matches
226,227,Jonathan Kodjia,CIV,FWMF,Aston Villa,29,1989,6,0,117,0,0,0,0,1,0,0,0,0,0,0,0.1,0.1,0,0.04,0,0.04,0.04,0.04,Matches
227,228,Sead Kolasinac,BIH,DF,Arsenal,26,1993,17,13,1107,0,2,0,0,3,0,0,0,0,0,0.16,0.7,0.7,1,0.06,0.08,0.14,0.06,0.14,Matches
228,229,Ezri Konsa,ENG,DF,Aston Villa,21,1998,15,14,1199,0,2,0,0,1,0,0,0,0,0,0.15,0.6,0.6,0.1,0.05,0.01,0.05,0.05,0.05,Matches
229,230,Cheikhou Kouyate,SEN,MF,Crystal Palace,29,1989,27,23,1985,1,1,0,0,2,0,0,0,0,0.05,0.09,1.8,1.8,0.9,0.08,0.04,0.12,0.08,0.12,Matches
230,231,Mateo Kovacic,CRO,MF,Chelsea,25,1994,25,18,1685,1,3,0,0,7,0,0,0,0,0.05,0.21,1.1,1.1,1.9,0.06,0.1,0.16,0.06,0.16,Matches
231,232,Emil Krafth,SWE,DF,Newcastle Utd,24,1994,11,6,565,0,0,0,0,0,0,0,0,0,0,0,0.2,0.2,0,0.04,0,0.04,0.04,0.04,Matches
232,233,Tim Krul,NED,GK,Norwich City,31,1988,27,27,2430,0,0,0,0,4,0,0,0,0,0,0,0,0,0,0,0,0,0,0,Matches
233,234,Alexandre Lacazette,FRA,FW,Arsenal,28,1991,20,15,1315,7,3,0,0,5,0,0,0,0,0.48,0.68,5.5,5.5,2.1,0.37,0.15,0.52,0.37,0.52,Matches
234,235,Adam Lallana,ENG,MFFW,Liverpool,31,1988,15,3,382,1,1,0,0,1,0,0,0,0,0.24,0.47,1.1,1.1,0.6,0.25,0.14,0.39,0.25,0.39,Matches
235,236,Erik Lamela,ARG,MFFW,Tottenham,27,1992,17,10,936,2,1,0,0,3,0,0,0,0,0.19,0.29,2.2,2.2,1.6,0.21,0.15,0.36,0.21,0.36,Matches
236,237,Tariq Lamptey,ENG,DF,Chelsea,18,2000,1,0,32,0,0,0,0,0,0,0,0,0,0,0,0,0,0.1,0,0.38,0.38,0,0.38,Matches
237,238,Henri Lansbury,ENG,MF,Aston Villa,28,1990,9,2,194,0,0,0,0,0,0,0,0,0,0,0,0.1,0.1,0.1,0.05,0.03,0.08,0.05,0.08,Matches
238,239,Manuel Lanzini,ARG,MFFW,West Ham,26,1993,19,12,1188,0,2,0,0,0,0,0,0,0,0,0.15,1.7,1.7,2.3,0.13,0.17,0.3,0.13,0.3,Matches
239,240,Aymeric Laporte,FRA,DF,Manchester City,25,1994,7,7,504,0,0,0,0,1,0,0,0,0,0,0,0.1,0.1,0.1,0.02,0.01,0.03,0.02,0.03,Matches
240,241,Jamaal Lascelles,ENG,DF,Newcastle Utd,25,1993,19,19,1630,1,0,0,0,2,0,0,0,0,0.06,0.06,0.3,0.3,0.1,0.02,0.01,0.03,0.02,0.03,Matches
241,242,Valentino Lazaro,AUT,DF,Newcastle Utd,23,1996,4,2,218,0,0,0,0,0,1,0,0,0,0,0,0,0,0.1,0,0.04,0.04,0,0.04,Matches
242,243,Moritz Leitner,GER,MF,Norwich City,26,1992,9,7,685,0,0,0,0,1,0,0,0,0,0,0,0.2,0.2,0.3,0.03,0.04,0.07,0.03,0.07,Matches
243,244,Florian Lejeune,FRA,DF,Newcastle Utd,28,1991,6,4,442,2,0,0,0,0,0,0,0,0,0.41,0.41,0.7,0.7,0.1,0.13,0.01,0.15,0.13,0.15,Matches
244,245,Aaron Lennon,ENG,MF,Burnley,32,1987,16,4,496,0,0,0,0,4,0,0,0,0,0,0,0,0,0.1,0,0.02,0.02,0,0.02,Matches
245,246,Bernd Leno,GER,GK,Arsenal,27,1992,28,28,2520,0,0,0,0,2,0,0,0,0,0,0,0,0,0,0,0,0,0,0,Matches
246,247,Jefferson Lerma,COL,MF,Bournemouth,24,1994,24,22,1943,1,2,0,0,11,1,0,0,0,0.05,0.14,0.8,0.8,1.6,0.04,0.07,0.11,0.04,0.11,Matches
247,248,Jamal Lewis,NIR,DF,Norwich City,21,1998,19,16,1498,1,0,0,0,2,0,0,0,0,0.06,0.06,0.3,0.3,0.4,0.02,0.02,0.04,0.02,0.04,Matches
248,249,Victor Lindelof,SWE,DF,Manchester Utd,25,1994,26,26,2340,1,0,0,0,5,0,0,0,0,0.04,0.04,0.4,0.4,0.4,0.01,0.02,0.03,0.01,0.03,Matches
249,250,Jesse Lingard,ENG,MFFW,Manchester Utd,26,1992,20,9,892,0,0,0,0,3,0,0,0,0,0,0,1.9,1.9,0.8,0.19,0.09,0.28,0.19,0.28,Matches
250,251,Hugo Lloris,FRA,GK,Tottenham,32,1986,12,12,997,0,0,0,0,0,0,0,0,0,0,0,0,0,0,0,0,0,0,0,Matches
251,252,Giovani Lo Celso,ARG,MFFW,Tottenham,23,1996,19,7,878,0,0,0,0,5,0,0,0,0,0,0,0.9,0.9,0.9,0.09,0.1,0.19,0.09,0.19,Matches
252,253,Jurgen Locadia,NED,MFFW,Brighton,25,1993,2,1,86,0,0,0,0,0,0,0,0,0,0,0,0.4,0.4,0,0.4,0,0.4,0.4,0.4,Matches
253,254,Kevin Long,IRL,MF,Burnley,28,1990,1,0,3,0,0,0,0,0,0,0,0,0,0,0,0,0,0,0,0,0,0,0,Matches
254,255,Shane Long,IRL,FW,Southampton,32,1987,19,13,1136,2,2,0,0,0,0,0,0,0,0.16,0.32,4.5,4.5,1.2,0.36,0.1,0.45,0.36,0.45,Matches
255,256,Matthew Longstaff,ENG,MF,Newcastle Utd,19,2000,7,6,545,2,0,0,0,1,0,0,0,0,0.33,0.33,0.3,0.3,0.2,0.06,0.03,0.09,0.06,0.09,Matches
256,257,Sean Longstaff,ENG,MF,Newcastle Utd,21,1997,21,13,1304,0,1,0,0,2,1,0,0,0,0,0.07,0.8,0.8,0.9,0.05,0.06,0.12,0.05,0.12,Matches
257,258,Dejan Lovren,CRO,DF,Liverpool,30,1989,9,9,759,0,1,0,0,1,0,0,0,0,0,0.12,0.3,0.3,0.4,0.04,0.05,0.09,0.04,0.09,Matches
258,259,Matthew Lowton,ENG,DF,Burnley,30,1989,15,15,1350,0,1,0,0,2,0,0,0,0,0,0.07,0,0,1.1,0,0.07,0.07,0,0.07,Matches
259,260,David Luiz,BRA,DF,Arsenal,32,1987,25,25,2185,2,1,0,0,4,1,0,0,0,0.08,0.12,1.5,1.5,1,0.06,0.04,0.1,0.06,0.1,Matches
260,261,Douglas Luiz,BRA,MF,Aston Villa,21,1998,26,18,1719,3,2,0,0,4,0,0,0,0,0.16,0.26,2.1,2.1,0.8,0.11,0.04,0.15,0.11,0.15,Matches
261,262,John Lundstram,ENG,MF,Sheffield Utd,25,1994,27,23,2068,4,3,0,0,4,0,0,0,0,0.17,0.3,4.3,4.3,2.6,0.19,0.11,0.3,0.19,0.3,Matches
262,263,Alexis Mac Allister,ARG,FW,Brighton,20,1998,1,0,11,0,0,0,0,0,0,0,0,0,0,0,0,0,0,0.15,0,0.15,0.15,0.15,Matches
263,264,James Maddison,ENG,MF,Leicester City,22,1996,28,27,2399,6,3,0,0,4,0,0,0,0,0.23,0.34,4.4,4.4,6.7,0.17,0.25,0.42,0.17,0.42,Matches
264,265,Harry Maguire,ENG,DF,Manchester Utd,26,1993,29,29,2610,1,1,0,0,4,0,0,0,0,0.03,0.07,1.8,1.8,0.5,0.06,0.02,0.08,0.06,0.08,Matches
265,266,Riyad Mahrez,ALG,FWMF,Manchester City,28,1991,23,15,1389,7,8,0,0,0,0,0,0,0,0.45,0.97,3.9,3.9,7,0.25,0.46,0.71,0.25,0.71,Matches
266,267,Ainsley Maitland Niles,ENG,DF,Arsenal,21,1997,14,14,1210,0,2,0,0,5,1,0,0,0,0,0.15,0.2,0.2,1.5,0.02,0.11,0.13,0.02,0.13,Matches
267,268,Sadio Mane,SEN,FW,Liverpool,27,1992,26,24,2077,14,7,0,0,2,0,0,0,0,0.61,0.91,11.4,11.4,5.2,0.49,0.22,0.72,0.49,0.72,Matches
268,269,Javier Manquillo,ESP,DF,Newcastle Utd,25,1994,13,11,962,0,1,0,0,4,0,0,0,0,0,0.09,0,0,0.3,0,0.03,0.03,0,0.03,Matches
269,270,Solly March,ENG,DFFW,Brighton,25,1994,13,9,881,0,1,0,0,2,0,0,0,0,0,0.1,1.2,1.2,0.5,0.12,0.05,0.18,0.12,0.18,Matches
270,271,Pablo Mari,ESP,DF,Arsenal,25,1993,1,1,90,0,0,0,0,0,0,0,0,0,0,0,0,0,0,0,0,0,0,0,Matches
271,272,Adrian Mariappa,JAM,DF,Watford,32,1986,15,13,1228,0,0,0,0,4,1,0,0,0,0,0,0.3,0.3,0.4,0.02,0.03,0.05,0.02,0.05,Matches
272,273,Anthony Martial,FRA,FW,Manchester Utd,23,1995,23,22,1875,11,3,0,1,1,0,0,0,0,0.53,0.67,8.2,7.4,2.3,0.39,0.11,0.5,0.36,0.47,Matches
273,274,David Martin,ENG,GK,West Ham,33,1986,5,4,436,0,0,0,0,1,0,0,0,0,0,0,0,0,0,0,0,0,0,0,Matches
274,275,Martinelli,BRA,FW,Arsenal,18,2001,14,6,663,3,0,0,0,1,0,0,0,0,0.41,0.41,2.3,2.3,0.2,0.31,0.03,0.35,0.31,0.35,Matches
275,276,Adam Masina,ITA,DF,Watford,25,1994,17,13,1225,1,0,0,0,3,0,0,0,0,0.07,0.07,0.3,0.3,0.5,0.02,0.04,0.05,0.02,0.05,Matches
276,277,Arthur Masuaku,COD,DF,West Ham,25,1993,15,10,913,0,1,0,0,5,1,0,0,0,0,0.1,0.1,0.1,0.9,0.01,0.09,0.1,0.01,0.1,Matches
277,278,Juan Mata,ESP,MFFW,Manchester Utd,31,1988,17,8,736,0,2,0,0,1,0,0,0,0,0,0.24,1.2,1.2,2.1,0.15,0.25,0.4,0.15,0.4,Matches
278,279,Nemanja Matic,SRB,MF,Manchester Utd,30,1988,12,11,959,0,1,0,0,1,0,0,0,0,0,0.09,0.2,0.2,0.9,0.02,0.08,0.1,0.02,0.1,Matches
279,280,Joel Matip,CMR,DF,Liverpool,27,1991,8,7,631,1,0,0,0,0,0,0,0,0,0.14,0.14,0.2,0.2,0,0.03,0,0.03,0.03,0.03,Matches
280,281,Neal Maupay,FRA,FW,Brighton,22,1996,28,23,2112,8,2,1,1,3,0,0,0,0,0.3,0.38,9.6,8.9,2,0.41,0.08,0.49,0.38,0.46,Matches
281,282,James McArthur,SCO,MF,Crystal Palace,31,1987,28,28,2425,0,3,0,0,5,0,0,0,0,0,0.11,2.1,2.1,2.3,0.08,0.08,0.16,0.08,0.16,Matches
282,283,Oliver McBurnie,SCO,FW,Sheffield Utd,23,1996,26,15,1437,4,0,0,0,3,0,0,0,0,0.25,0.25,6.9,6.9,1.2,0.43,0.08,0.51,0.43,0.51,Matches
283,284,Alex McCarthy,ENG,GK,Southampton,29,1989,19,19,1710,0,0,0,0,0,0,0,0,0,0,0,0,0,0,0,0,0,0,0,Matches
284,285,James McCarthy,IRL,MF,Crystal Palace,28,1990,24,12,1179,0,0,0,0,6,0,0,0,0,0,0,0.3,0.3,0.6,0.03,0.05,0.07,0.03,0.07,Matches
285,286,John McGinn,SCO,MF,Aston Villa,24,1994,18,18,1537,3,2,0,0,2,0,0,0,0,0.18,0.29,2.7,2.7,1.9,0.16,0.11,0.27,0.16,0.27,Matches
286,287,David McGoldrick,IRL,FW,Sheffield Utd,31,1987,21,16,1353,0,2,0,0,2,0,0,0,0,0,0.13,5.6,5.6,1.6,0.37,0.1,0.47,0.37,0.47,Matches
287,288,Michael McGovern,NIR,GK,Norwich City,35,1984,2,1,159,0,0,0,0,0,0,0,0,0,0,0,0,0,0,0,0,0,0,0,Matches
288,289,Kenny McLean,SCO,MF,Norwich City,27,1992,28,25,2290,1,1,0,0,4,0,0,0,0,0.04,0.08,1.4,1.4,1.6,0.05,0.06,0.11,0.05,0.11,Matches
289,290,Dwight McNeil,ENG,MF,Burnley,19,1999,29,29,2528,2,5,0,0,4,0,0,0,0,0.07,0.25,1.5,1.5,5.5,0.05,0.2,0.25,0.05,0.25,Matches
290,291,Scott McTominay,SCO,MF,Manchester Utd,22,1996,20,18,1547,4,1,0,0,2,0,0,0,0,0.23,0.29,1.4,1.4,0.7,0.08,0.04,0.12,0.08,0.12,Matches
291,292,Ben Mee,ENG,DF,Burnley,29,1989,29,29,2610,0,1,0,0,7,0,0,0,0,0,0.03,1.5,1.5,0.6,0.05,0.02,0.07,0.05,0.07,Matches
292,293,Benjamin Mendy,FRA,DF,Manchester City,25,1994,14,13,1115,0,2,0,0,2,0,0,0,0,0,0.16,0.2,0.2,1.1,0.01,0.09,0.1,0.01,0.1,Matches
293,294,Nampalys Mendy,FRA,MF,Leicester City,27,1992,5,3,202,0,0,0,0,0,0,0,0,0,0,0,0,0,0.1,0.01,0.03,0.04,0.01,0.04,Matches
294,295,Chris Mepham,WAL,DF,Bournemouth,21,1997,11,10,901,1,0,0,0,1,0,0,0,0,0.1,0.1,0.6,0.6,0.1,0.06,0.01,0.07,0.06,0.07,Matches
295,296,Max Meyer,GER,MFFW,Crystal Palace,23,1995,13,6,547,0,0,0,0,1,0,0,0,0,0,0,0.6,0.6,0.6,0.1,0.1,0.2,0.1,0.2,Matches
296,297,Luka Milivojevic,SRB,MF,Crystal Palace,28,1991,23,22,1986,2,1,2,2,9,0,0,0,0,0,0.05,2.1,0.6,1.9,0.1,0.09,0.18,0.03,0.11,Matches
297,298,James Milner,ENG,MFDF,Liverpool,33,1986,18,7,769,2,2,2,2,3,0,0,0,0,0,0.23,2,0.5,0.6,0.24,0.07,0.31,0.06,0.13,Matches
298,299,Yerry Mina,COL,DF,Everton,24,1994,25,23,2086,2,1,0,0,3,0,0,0,0,0.09,0.13,2.6,2.6,0.2,0.11,0.01,0.12,0.11,0.12,Matches
299,300,Takumi Minamino,JPN,FWMF,Liverpool,24,1995,3,0,80,0,0,0,0,0,0,0,0,0,0,0,0.6,0.6,0,0.72,0,0.72,0.72,0.72,Matches
300,301,Tyrone Mings,ENG,DF,Aston Villa,26,1993,23,23,2002,2,1,0,0,5,0,0,0,0,0.09,0.13,0.9,0.9,0.5,0.04,0.02,0.07,0.04,0.07,Matches
301,302,Henrikh Mkhitaryan,ARM,FW,Arsenal,30,1989,3,1,112,0,0,0,0,1,0,0,0,0,0,0,0.2,0.2,0.2,0.18,0.18,0.36,0.18,0.36,Matches
302,303,Nacho Monreal,ESP,DF,Arsenal,33,1986,3,3,270,0,0,0,0,0,0,0,0,0,0,0,0.1,0.1,0.3,0.03,0.08,0.11,0.03,0.11,Matches
303,304,Martin Montoya,ESP,DF,Brighton,28,1991,23,21,1705,0,1,0,0,5,0,0,0,0,0,0.05,1.3,1.3,1.5,0.07,0.08,0.15,0.07,0.15,Matches
304,305,Simon Moore,ENG,GK,Sheffield Utd,29,1990,1,1,90,0,0,0,0,0,0,0,0,0,0,0,0,0,0,0,0,0,0,0,Matches
305,306,Aaron Mooy,AUS,MFFW,Brighton,28,1990,22,20,1653,2,1,0,0,2,1,0,0,0,0.11,0.16,1.9,1.9,2.8,0.11,0.15,0.26,0.11,0.26,Matches
306,307,Wesley Moraes,BRA,FW,Aston Villa,22,1996,21,21,1782,5,1,0,1,3,0,0,0,0,0.25,0.3,5.2,4.3,0.9,0.26,0.05,0.31,0.22,0.26,Matches
307,308,Wes Morgan,JAM,DF,Leicester City,35,1984,8,1,166,0,0,0,0,0,0,0,0,0,0,0,0,0,0,0.03,0,0.03,0.03,0.03,Matches
308,309,Ravel Morrison,ENG,MF,Sheffield Utd,26,1993,1,0,13,0,0,0,0,0,0,0,0,0,0,0,0,0,0,0.28,0,0.28,0.28,0.28,Matches
309,310,Mason Mount,ENG,MFFW,Chelsea,20,1999,29,25,2298,6,4,0,0,3,0,0,0,0,0.23,0.39,5.9,5.9,3.4,0.23,0.13,0.36,0.23,0.36,Matches
310,311,Lucas Moura,BRA,FWMF,Tottenham,26,1992,27,18,1682,4,2,0,0,2,0,0,0,0,0.21,0.32,5.4,5.4,1.7,0.29,0.09,0.38,0.29,0.38,Matches
311,312,Lys Mousset,FRA,FW,Sheffield Utd,23,1996,23,10,1021,5,4,0,0,1,0,0,0,0,0.44,0.79,3.3,3.3,2.4,0.29,0.21,0.5,0.29,0.5,Matches
312,313,Joao Moutinho,POR,MF,Wolves,32,1986,29,27,2436,1,6,0,0,5,0,0,0,0,0.04,0.26,0.8,0.8,5.3,0.03,0.19,0.22,0.03,0.22,Matches
313,314,Glenn Murray,ENG,FW,Brighton,35,1983,19,6,711,1,0,0,0,0,0,0,0,0,0.13,0.13,2,2,0.4,0.26,0.05,0.31,0.26,0.31,Matches
314,315,Shkodran Mustafi,GER,DF,Arsenal,27,1992,8,6,622,0,1,0,0,0,0,0,0,0,0,0.14,0.7,0.7,0,0.09,0,0.09,0.09,0.09,Matches
315,316,Yoshinori Muto,JPN,FWMF,Newcastle Utd,27,1992,7,2,205,0,0,0,0,0,0,0,0,0,0,0,0.1,0.1,0.1,0.04,0.03,0.07,0.04,0.07,Matches
316,317,Georges Kevin NKoudou,FRA,FW,Tottenham,24,1995,1,0,3,0,0,0,0,0,0,0,0,0,0,0,0,0,0,0.59,0,0.59,0.59,0.59,Matches
317,318,Marvelous Nakamba,ZIM,MF,Aston Villa,25,1994,21,18,1629,0,0,0,0,4,0,0,0,0,0,0,0.2,0.2,0.5,0.01,0.03,0.04,0.01,0.04,Matches
318,319,Wilfred Ndidi,NGA,MF,Leicester City,22,1996,23,20,1894,2,1,0,0,3,0,0,0,0,0.1,0.14,1.5,1.5,0.4,0.07,0.02,0.09,0.07,0.09,Matches
319,320,Tanguy Ndombele,FRA,MF,Tottenham,22,1996,19,12,944,2,2,0,0,2,0,0,0,0,0.19,0.38,0.4,0.4,1.3,0.04,0.12,0.16,0.04,0.16,Matches
320,321,Reiss Nelson,ENG,FW,Arsenal,19,1999,11,5,463,0,0,0,0,1,0,0,0,0,0,0,0.6,0.6,0.3,0.12,0.06,0.18,0.12,0.18,Matches
321,322,Pedro Neto,POR,FWMF,Wolves,19,2000,21,7,735,2,2,0,0,2,0,0,0,0,0.24,0.49,1.4,1.4,2.3,0.17,0.28,0.44,0.17,0.44,Matches
322,323,Ruben Neves,POR,MF,Wolves,22,1997,29,26,2278,2,1,0,0,7,0,0,0,0,0.08,0.12,1.3,1.3,1.3,0.05,0.05,0.1,0.05,0.1,Matches
323,324,Jeremy Ngakia,ENG,DF,West Ham,18,2000,4,4,360,0,0,0,0,0,0,0,0,0,0,0,0,0,0,0,0,0,0,0,Matches
324,325,Oumar Niasse,SEN,FW,Everton,29,1990,3,0,22,0,0,0,0,0,0,0,0,0,0,0,0,0,0,0,0,0,0,0,Matches
325,326,Eddie Nketiah,ENG,FW,Arsenal,20,1999,5,3,251,1,0,0,0,0,0,0,0,0,0.36,0.36,1.4,1.4,0.3,0.51,0.1,0.61,0.51,0.61,Matches
326,327,Mark Noble,ENG,MF,West Ham,32,1987,26,26,2138,4,1,3,3,4,0,0,0,0,0.04,0.08,2.9,0.6,1.3,0.12,0.06,0.18,0.02,0.08,Matches
327,328,Oliver Norwood,NIR,MF,Sheffield Utd,28,1991,28,28,2373,1,0,1,1,6,0,0,0,0,0,0,1.5,0.7,3.4,0.06,0.13,0.19,0.03,0.16,Matches
328,329,Orjan Nyland,NOR,GK,Aston Villa,28,1990,3,1,179,0,0,0,0,0,0,0,0,0,0,0,0,0,0,0,0,0,0,0,Matches
329,330,Jack OConnell,ENG,DF,Sheffield Utd,25,1994,28,28,2520,0,1,0,0,3,0,0,0,0,0,0.04,1.3,1.3,2.2,0.05,0.08,0.12,0.05,0.12,Matches
330,331,Michael Obafemi,IRL,FW,Southampton,19,2000,15,5,488,2,0,0,0,1,0,0,0,0,0.37,0.37,0.9,0.9,0.7,0.16,0.13,0.29,0.16,0.29,Matches
331,332,Angelo Ogbonna,ITA,DF,West Ham,31,1988,24,24,2160,2,0,0,0,4,0,0,0,0,0.08,0.08,1.5,1.5,0,0.06,0,0.06,0.06,0.06,Matches
332,333,Divock Origi,BEL,FW,Liverpool,24,1995,22,5,528,3,1,0,0,0,0,0,0,0,0.51,0.68,2,2,0.1,0.34,0.02,0.35,0.34,0.35,Matches
333,334,Ben Osborn,ENG,DFMF,Sheffield Utd,24,1994,7,0,130,0,0,0,0,0,0,0,0,0,0,0,0,0,0.3,0,0.18,0.18,0,0.18,Matches
334,335,Nicolas Otamendi,ARG,DF,Manchester City,31,1988,19,15,1416,2,0,0,0,3,0,0,0,0,0.13,0.13,2.3,2.3,0.2,0.15,0.01,0.16,0.15,0.16,Matches
335,336,Alex Oxlade Chamberlain,ENG,MFFW,Liverpool,25,1993,21,13,1103,3,0,0,0,1,0,0,0,0,0.24,0.24,2.3,2.3,1.1,0.19,0.09,0.28,0.19,0.28,Matches
336,337,Mesut Ozil,GER,MF,Arsenal,30,1988,18,18,1438,1,2,0,0,1,0,0,0,0,0.06,0.19,1.4,1.4,2.3,0.09,0.14,0.23,0.09,0.23,Matches
337,338,Emerson Palmieri,ITA,DF,Chelsea,24,1994,14,13,1021,0,0,0,0,3,0,0,0,0,0,0,0.9,0.9,1.4,0.08,0.12,0.2,0.08,0.2,Matches
338,339,Sokratis Papastathopoulos,GRE,DF,Arsenal,31,1988,19,19,1696,2,0,0,0,6,0,0,0,0,0.11,0.11,1.1,1.1,0.2,0.06,0.01,0.07,0.06,0.07,Matches
339,340,Troy Parrott,IRL,MF,Tottenham,17,2002,2,0,7,0,0,0,0,0,0,0,0,0,0,0,0,0,0,0,0,0,0,0,Matches
340,341,Rui Patricio,POR,GK,Wolves,31,1988,29,29,2610,0,0,0,0,0,0,0,0,0,0,0,0,0,0,0,0,0,0,0,Matches
341,342,Pedro,ESP,FW,Chelsea,32,1987,9,8,654,1,1,0,0,1,0,0,0,0,0.14,0.28,2.6,2.6,0.8,0.35,0.11,0.46,0.35,0.46,Matches
342,343,Nicolas Pepe,CIV,FW,Arsenal,24,1995,24,17,1591,4,6,1,1,3,0,0,0,0,0.17,0.51,4.4,3.6,3.4,0.25,0.19,0.44,0.2,0.4,Matches
343,344,Andreas Pereira,BRA,MFFW,Manchester Utd,23,1996,23,18,1446,1,3,0,0,3,0,0,0,0,0.06,0.25,2.3,2.3,3.6,0.14,0.22,0.37,0.14,0.37,Matches
344,345,Ricardo Pereira,POR,DF,Leicester City,25,1993,28,28,2520,3,2,0,0,1,0,0,0,0,0.11,0.18,1.2,1.1,3.8,0.04,0.13,0.18,0.04,0.17,Matches
345,346,Roberto Pereyra,ARG,FWMF,Watford,28,1991,23,13,1326,3,0,1,1,3,0,0,0,0,0.14,0.14,2.2,1.5,1.8,0.15,0.12,0.27,0.1,0.22,Matches
346,347,Ayoze Perez,ESP,MFFW,Leicester City,26,1993,25,21,1581,7,4,1,1,0,0,0,0,0,0.34,0.57,5.1,4.3,3,0.29,0.17,0.46,0.24,0.42,Matches
347,348,Jordan Pickford,ENG,GK,Everton,25,1994,29,29,2610,0,0,0,0,1,0,0,0,0,0,0,0,0,0,0,0,0,0,0,Matches
348,349,Brandon Pierrick,ENG,DF,Crystal Palace,17,2001,1,0,8,0,0,0,0,0,0,0,0,0,0,0,0,0,0.1,0,0.89,0.89,0,0.89,Matches
349,350,Erik Pieters,NED,DF,Burnley,30,1988,15,14,1234,0,3,0,0,1,0,0,0,0,0,0.22,0.2,0.2,1,0.01,0.07,0.09,0.01,0.09,Matches
350,351,Daniel Podence,POR,MFFW,Wolves,23,1995,4,0,46,0,0,0,0,0,0,0,0,0,0,0,0.3,0.3,0.1,0.56,0.15,0.71,0.56,0.71,Matches
351,352,Paul Pogba,FRA,MF,Manchester Utd,26,1993,7,5,522,0,2,0,1,0,0,0,0,0,0,0.34,1.6,0.9,1.5,0.28,0.26,0.55,0.15,0.42,Matches
352,353,Nick Pope,ENG,GK,Burnley,27,1992,29,29,2610,0,0,0,0,0,0,0,0,0,0,0,0,0,0.6,0,0.02,0.02,0,0.02,Matches
353,354,Dennis Praet,BEL,MF,Leicester City,25,1994,21,11,969,1,2,0,0,2,0,0,0,0,0.09,0.28,1.2,1.2,0.6,0.11,0.06,0.17,0.11,0.17,Matches
354,355,Sebastian Prodl,AUT,DF,Watford,32,1987,1,1,56,0,0,0,0,0,0,0,0,0,0,0,0.1,0.1,0,0.12,0,0.12,0.12,0.12,Matches
355,356,Davy Propper,NED,MF,Brighton,27,1991,26,26,2340,1,2,0,0,4,0,0,0,0,0.04,0.12,1.4,1.4,1.9,0.05,0.07,0.13,0.05,0.13,Matches
356,357,Teemu Pukki,FIN,FW,Norwich City,29,1990,28,28,2480,11,3,2,2,3,0,0,0,0,0.33,0.44,11.9,10.4,3.2,0.43,0.12,0.55,0.38,0.49,Matches
357,358,Christian Pulisic,USA,FW,Chelsea,20,1998,16,12,1073,5,2,0,0,0,0,0,0,0,0.42,0.59,5.2,5.2,2.1,0.43,0.17,0.61,0.43,0.61,Matches
358,359,Ignacio Pussetto,ARG,FWMF,Watford,23,1995,6,0,62,0,0,0,0,1,0,0,0,0,0,0,0,0,0,0,0,0,0,0,Matches
359,360,Domingos Quina,POR,MF,Watford,19,1999,4,0,22,0,0,0,0,0,0,0,0,0,0,0,0,0,0,0.13,0,0.13,0.13,0.13,Matches
360,361,Aaron Ramsdale,ENG,GK,Bournemouth,21,1998,28,28,2520,0,1,0,0,0,0,0,0,0,0,0.04,0,0,0,0,0,0,0,0,Matches
361,362,Darren Randolph,IRL,GK,West Ham,32,1987,2,2,180,0,0,0,0,0,0,0,0,0,0,0,0,0,0,0,0,0,0,0,Matches
362,363,Marcus Rashford,ENG,FW,Manchester Utd,21,1997,22,22,1875,14,4,5,7,2,0,0,0,0,0.43,0.62,13.6,8.3,2.7,0.65,0.13,0.78,0.4,0.53,Matches
363,364,Nathan Redmond,ENG,MFFW,Southampton,25,1994,23,23,1954,3,1,0,0,2,0,0,0,0,0.14,0.18,3.9,3.9,2.7,0.18,0.13,0.31,0.18,0.31,Matches
364,365,Pepe Reina,ESP,GK,Aston Villa,36,1982,6,6,540,0,0,0,0,1,0,0,0,0,0,0,0,0,0,0,0,0,0,0,Matches
365,366,Declan Rice,ENG,MF,West Ham,20,1999,29,29,2610,0,2,0,0,5,0,0,0,0,0,0.07,0.7,0.7,1.1,0.02,0.04,0.06,0.02,0.06,Matches
366,367,Richarlison,BRA,FW,Everton,22,1997,27,27,2352,10,3,0,0,5,0,0,0,0,0.38,0.5,7.4,7.4,5.1,0.28,0.19,0.48,0.28,0.48,Matches
367,368,Diego Rico,ESP,DF,Bournemouth,26,1993,21,21,1792,0,2,0,0,6,0,0,0,0,0,0.1,0.3,0.3,2,0.02,0.1,0.12,0.02,0.12,Matches
368,369,Jairo Riedewald,NED,DF,Crystal Palace,22,1996,10,6,610,0,0,0,0,0,0,0,0,0,0,0,0.1,0.1,0.4,0.01,0.06,0.07,0.01,0.07,Matches
369,370,Matt Ritchie,SCO,DFMF,Newcastle Utd,29,1989,10,7,715,0,0,0,1,3,0,0,0,0,0,0,1.2,0.5,1,0.15,0.12,0.27,0.06,0.18,Matches
370,371,Roberto,ESP,GK,West Ham,33,1986,8,7,687,0,0,0,0,0,0,0,0,0,0,0,0,0,0,0,0,0,0,0,Matches
371,372,Patrick Roberts,ENG,MFFW,Norwich City,22,1997,3,0,26,0,0,0,0,0,0,0,0,0,0,0,0,0,0,0,0,0,0,0,Matches
372,373,Andrew Robertson,SCO,DF,Liverpool,25,1994,28,27,2444,1,7,0,0,1,0,0,0,0,0.04,0.29,1.3,1.3,5.6,0.05,0.21,0.25,0.05,0.25,Matches
373,374,Callum Robinson,IRL,FW,Sheffield Utd,24,1995,16,9,676,1,1,0,0,1,0,0,0,0,0.13,0.27,2.1,2.1,0.5,0.28,0.07,0.35,0.28,0.35,Matches
374,375,Rodri,ESP,MFDF,Manchester City,23,1996,26,22,1957,3,1,0,0,7,0,0,0,0,0.14,0.18,0.9,0.9,1.3,0.04,0.06,0.1,0.04,0.1,Matches
375,376,Jay Rodriguez,ENG,FW,Burnley,30,1989,28,12,1390,5,0,1,1,1,0,0,0,0,0.26,0.26,5.1,4.4,0.4,0.33,0.03,0.36,0.28,0.31,Matches
376,377,Marcos Rojo,ARG,DF,Manchester Utd,29,1990,3,1,122,0,0,0,0,1,0,0,0,0,0,0,0.1,0.1,0,0.08,0,0.08,0.08,0.08,Matches
377,378,Oriol Romeu,ESP,MF,Southampton,27,1991,22,13,1314,0,0,0,0,3,0,0,0,0,0,0,0.2,0.2,0.3,0.01,0.02,0.04,0.01,0.04,Matches
378,379,Danny Rose,ENG,DF,Newcastle Utd,29,1990,5,4,352,0,0,0,0,1,0,0,0,0,0,0,0,0,0,0,0.01,0.01,0,0.01,Matches
379,380,Danny Rose,ENG,DF,Tottenham,29,1990,12,10,893,0,0,0,0,5,0,0,0,0,0,0,0.1,0.1,0.8,0.01,0.08,0.1,0.01,0.1,Matches
380,381,Antonio Rudiger,GER,DF,Chelsea,26,1993,13,13,1125,2,0,0,0,3,0,0,0,0,0.16,0.16,0.4,0.4,0.3,0.04,0.02,0.06,0.04,0.06,Matches
381,382,Lukas Rupp,GER,FW,Norwich City,28,1991,6,4,337,0,0,0,0,0,0,0,0,0,0,0,0.3,0.3,0.5,0.09,0.14,0.23,0.09,0.23,Matches
382,383,Mathew Ryan,AUS,GK,Brighton,27,1992,29,29,2610,0,0,0,0,0,0,0,0,0,0,0,0,0,0,0,0,0,0,0,Matches
383,384,Allan Saint Maximin,FRA,MFFW,Newcastle Utd,22,1997,18,15,1268,2,1,0,0,0,0,0,0,0,0.14,0.21,2.3,2.3,2.5,0.16,0.18,0.34,0.16,0.34,Matches
384,385,Romain Saiss,MAR,DF,Wolves,29,1990,25,23,1985,2,1,0,0,10,1,0,0,0,0.09,0.14,2.3,2.3,0.5,0.1,0.02,0.13,0.1,0.13,Matches
385,386,Bukayo Saka,ENG,DFFW,Arsenal,17,2001,18,12,1178,0,3,0,0,4,0,0,0,0,0,0.23,0.7,0.7,1.9,0.05,0.14,0.2,0.05,0.2,Matches
386,387,Mamadou Sakho,FRA,DFMF,Crystal Palace,29,1990,8,6,466,0,0,0,0,0,1,0,0,0,0,0,0,0,0.1,0,0.01,0.01,0,0.01,Matches
387,388,Mohamed Salah,EGY,FW,Liverpool,27,1992,26,26,2239,16,6,3,3,1,0,0,0,0,0.52,0.76,14.5,12.3,5.7,0.58,0.23,0.81,0.49,0.72,Matches
388,389,Mbwana Samatta,TAN,FW,Aston Villa,26,1992,4,4,352,1,0,0,0,0,0,0,0,0,0.26,0.26,1,1,0.2,0.25,0.04,0.29,0.25,0.29,Matches
389,390,Carlos Sanchez,COL,MFDF,West Ham,33,1986,6,1,117,0,0,0,0,0,0,0,0,0,0,0,0,0,0,0,0,0,0,0,Matches
390,391,Davinson Sanchez,COL,DF,Tottenham,23,1996,22,21,1890,0,0,0,0,5,0,0,0,0,0,0,0.7,0.7,0,0.03,0,0.03,0.03,0.03,Matches
391,392,Ismaila Sarr,SEN,FWMF,Watford,21,1998,19,13,1226,5,3,0,0,1,0,0,0,0,0.37,0.59,4.9,4.9,1.3,0.36,0.09,0.45,0.36,0.45,Matches
392,393,Fabian Schar,SUI,DF,Newcastle Utd,27,1991,18,15,1396,2,0,0,0,4,0,0,0,0,0.13,0.13,1.2,1.2,0.1,0.08,0.01,0.08,0.08,0.08,Matches
393,394,Ezequiel Schelotto,ITA,DF,Brighton,30,1989,7,3,291,0,0,0,0,2,0,0,0,0,0,0,0.2,0.2,0,0.07,0,0.07,0.07,0.07,Matches
394,395,Jeffrey Schlupp,GHA,MFDF,Crystal Palace,26,1992,14,9,861,2,1,0,0,2,0,0,0,0,0.21,0.31,1.5,1.5,1.1,0.16,0.12,0.28,0.16,0.28,Matches
395,396,Kasper Schmeichel,DEN,GK,Leicester City,32,1986,29,29,2610,0,0,0,0,2,0,0,0,0,0,0,0,0,0.2,0,0.01,0.01,0,0.01,Matches
396,397,Morgan Schneiderlin,FRA,MF,Everton,29,1989,15,12,1001,0,0,0,0,6,1,0,0,0,0,0,0.3,0.3,0.2,0.03,0.01,0.05,0.03,0.05,Matches
397,398,Ryan Sessegnon,ENG,DF,Tottenham,19,2000,6,4,342,0,0,0,0,0,0,0,0,0,0,0,0.1,0.1,0.1,0.03,0.01,0.04,0.03,0.04,Matches
398,399,Xherdan Shaqiri,SUI,FW,Liverpool,27,1991,6,2,177,1,0,0,0,0,0,0,0,0,0.51,0.51,0.5,0.5,0.2,0.24,0.08,0.31,0.24,0.31,Matches
399,400,Billy Sharp,ENG,FW,Sheffield Utd,33,1986,18,6,671,3,0,0,0,1,1,0,0,0,0.4,0.4,1.8,1.8,1.5,0.24,0.2,0.44,0.24,0.44,Matches
400,401,Luke Shaw,ENG,DF,Manchester Utd,24,1995,18,14,1236,0,0,0,0,5,0,0,0,0,0,0,0.4,0.4,0.6,0.03,0.05,0.07,0.03,0.07,Matches
401,402,Jonjo Shelvey,ENG,MF,Newcastle Utd,27,1992,17,16,1340,5,0,0,0,2,0,0,0,0,0.34,0.34,1.8,1.8,2.4,0.12,0.16,0.28,0.12,0.28,Matches
402,403,Djibril Sidibe,FRA,DF,Everton,27,1992,21,17,1642,0,4,0,0,3,0,0,0,0,0,0.22,0.3,0.3,2,0.02,0.11,0.12,0.02,0.12,Matches
403,404,Gylfi Sigurdsson,ISL,MF,Everton,29,1989,26,23,1994,1,2,0,0,3,0,0,0,0,0.05,0.14,3.1,3.1,3.5,0.14,0.16,0.3,0.14,0.3,Matches
404,405,Bernardo Silva,POR,FWMF,Manchester City,24,1994,24,17,1497,5,5,0,0,5,0,0,0,0,0.3,0.6,4.6,4.6,3.8,0.28,0.23,0.5,0.28,0.5,Matches
405,406,David Silva,ESP,MF,Manchester City,33,1986,19,16,1255,3,7,0,0,0,0,0,0,0,0.22,0.72,4.1,4.1,3.4,0.29,0.24,0.54,0.29,0.54,Matches
406,407,Jack Simpson,ENG,DF,Bournemouth,22,1997,4,1,241,0,0,0,0,0,0,0,0,0,0,0,0,0,0,0.01,0,0.01,0.01,0.01,Matches
407,408,Moussa Sissoko,FRA,MF,Tottenham,29,1989,20,19,1689,2,1,0,0,6,0,0,0,0,0.11,0.16,2,2,1,0.11,0.05,0.16,0.11,0.16,Matches
408,409,Oliver Skipp,ENG,MFDF,Tottenham,18,2000,4,1,58,0,0,0,0,0,0,0,0,0,0,0,0,0,0,0,0,0,0,0,Matches
409,410,William Smallbone,IRL,MF,Southampton,19,2000,2,2,156,0,0,0,0,0,0,0,0,0,0,0,0.2,0.2,0,0.13,0,0.13,0.13,0.13,Matches
410,411,Adam Smith,ENG,DF,Bournemouth,28,1991,18,18,1557,0,1,0,0,6,0,0,0,0,0,0.06,0.6,0.6,0.6,0.03,0.04,0.07,0.03,0.07,Matches
411,412,Emile Smith Rowe,ENG,MF,Arsenal,19,2000,2,1,97,0,0,0,0,0,0,0,0,0,0,0,0,0,0,0,0,0,0,0,Matches
412,413,Robert Snodgrass,SCO,MFFW,West Ham,31,1987,24,17,1509,5,5,0,0,4,0,0,0,0,0.3,0.6,2.5,2.5,2.8,0.15,0.17,0.32,0.15,0.32,Matches
413,414,Cedric Soares,POR,DF,Southampton,27,1991,16,16,1306,0,1,0,0,1,0,0,0,0,0,0.07,0.6,0.6,1.2,0.04,0.09,0.13,0.04,0.13,Matches
414,415,Dominic Solanke,ENG,FWMF,Bournemouth,21,1997,24,12,1187,0,1,0,0,1,0,0,0,0,0,0.08,2.1,2.1,1,0.16,0.07,0.23,0.16,0.23,Matches
415,416,Tomas Soucek,CZE,MF,West Ham,24,1995,4,3,230,0,0,0,0,0,0,0,0,0,0,0,0.1,0.1,0,0.04,0,0.04,0.04,0.04,Matches
416,417,Caglar Soyuncu,TUR,DF,Leicester City,23,1996,28,28,2520,1,1,0,0,4,0,0,0,0,0.04,0.07,2.1,2.1,0.2,0.08,0.01,0.08,0.08,0.08,Matches
417,418,Dennis Srbeny,GER,MFFW,Norwich City,25,1994,8,0,47,1,0,0,0,0,0,1,0,1,1.91,1.91,0.5,0.5,0,0.89,0,0.89,0.89,0.89,Matches
418,419,Jack Stacey,ENG,DF,Bournemouth,23,1996,12,12,1066,0,2,0,0,2,0,0,0,0,0,0.17,0.3,0.3,2.1,0.03,0.18,0.21,0.03,0.21,Matches
419,420,Junior Stanislas,ENG,MFFW,Bournemouth,29,1989,6,2,224,0,0,0,0,0,0,0,0,0,0,0,0.2,0.2,0.1,0.09,0.03,0.13,0.09,0.13,Matches
420,421,Jed Steer,ENG,GK,Aston Villa,26,1992,1,1,7,0,0,0,0,0,0,0,0,0,0,0,0,0,0,0,0,0,0,0,Matches
421,422,Dale Stephens,ENG,MF,Brighton,30,1989,24,22,1942,0,1,0,0,6,0,0,0,0,0,0.05,0.5,0.5,0.7,0.02,0.03,0.06,0.02,0.06,Matches
422,423,Jack Stephens,ENG,DF,Southampton,25,1994,21,20,1827,1,3,0,0,2,0,0,0,0,0.05,0.2,0.8,0.8,0.8,0.04,0.04,0.08,0.04,0.08,Matches
423,424,Raheem Sterling,ENG,FW,Manchester City,24,1994,24,23,2017,11,1,0,1,5,0,0,0,0,0.49,0.54,11.2,10.2,5.8,0.5,0.26,0.76,0.46,0.72,Matches
424,425,Enda Stevens,IRL,DF,Sheffield Utd,29,1990,28,28,2445,2,2,0,0,5,0,0,0,0,0.07,0.15,0.9,0.9,3.5,0.03,0.13,0.16,0.03,0.16,Matches
425,426,Marco Stiepermann,GER,MF,Norwich City,28,1991,19,11,933,0,0,0,0,4,0,0,0,0,0,0,1.5,1.5,0.5,0.15,0.04,0.19,0.15,0.19,Matches
426,427,John Stones,ENG,DF,Manchester City,25,1994,12,10,906,0,0,0,0,0,0,0,0,0,0,0,0.6,0.6,0.1,0.06,0.01,0.07,0.06,0.07,Matches
427,428,Isaac Success,NGA,FWMF,Watford,23,1996,5,0,70,0,0,0,0,1,0,0,0,0,0,0,0.1,0.1,0.1,0.1,0.16,0.26,0.1,0.26,Matches
428,429,Ki Sung yueng,KOR,MF,Newcastle Utd,30,1989,3,1,137,0,0,0,0,0,0,0,0,0,0,0,0,0,0.1,0,0.05,0.05,0,0.05,Matches
429,430,Andrew Surman,ENG,MF,Bournemouth,32,1986,5,2,235,0,0,0,0,1,0,0,0,0,0,0,0,0,0,0.01,0.01,0.02,0.01,0.02,Matches
430,431,Sam Surridge,ENG,FW,Bournemouth,21,1998,1,0,16,0,0,0,0,0,0,0,0,0,0,0,0,0,0,0,0,0,0,0,Matches
431,432,Japhet Tanganga,ENG,DF,Tottenham,20,1999,6,6,525,0,0,0,0,1,0,0,0,0,0,0,0.1,0.1,0,0.01,0,0.01,0.01,0.01,Matches
432,433,Matt Targett,ENG,DF,Aston Villa,23,1995,20,20,1687,1,2,0,0,3,0,0,0,0,0.05,0.16,0.4,0.4,2.7,0.02,0.14,0.16,0.02,0.16,Matches
433,434,James Tarkowski,ENG,DF,Burnley,26,1992,29,29,2610,1,1,0,0,8,0,0,0,0,0.03,0.07,1.6,1.6,1.6,0.05,0.05,0.11,0.05,0.11,Matches
434,435,Charlie Taylor,ENG,DF,Burnley,25,1993,17,15,1376,0,0,0,0,3,0,0,0,0,0,0,0,0,0.9,0,0.06,0.06,0,0.06,Matches
435,436,Neil Taylor,WAL,DF,Aston Villa,30,1989,10,8,795,0,0,0,0,2,0,0,0,0,0,0,0.2,0.2,0.1,0.02,0.01,0.03,0.02,0.03,Matches
436,437,Alexander Tettey,NOR,MFDF,Norwich City,33,1986,23,21,1782,1,1,0,0,4,0,0,0,0,0.05,0.1,0.7,0.7,0.8,0.03,0.04,0.07,0.03,0.07,Matches
437,438,Youri Tielemans,BEL,MF,Leicester City,22,1997,28,24,2152,3,5,0,0,1,0,0,0,0,0.13,0.33,2.4,2.4,4.2,0.1,0.17,0.27,0.1,0.27,Matches
438,439,Kieran Tierney,SCO,DF,Arsenal,22,1997,5,4,297,0,0,0,0,1,0,0,0,0,0,0,0.1,0.1,0.5,0.02,0.16,0.19,0.02,0.19,Matches
439,440,James Tomkins,ENG,DF,Crystal Palace,30,1989,18,18,1582,1,1,0,0,5,0,0,0,0,0.06,0.11,1.3,1.3,0.1,0.08,0.01,0.08,0.08,0.08,Matches
440,441,Fikayo Tomori,ENG,DF,Chelsea,21,1997,15,15,1291,1,0,0,0,3,0,0,0,0,0.07,0.07,0.6,0.6,0.2,0.04,0.01,0.05,0.04,0.05,Matches
441,442,Lucas Torreira,URU,MF,Arsenal,23,1996,24,15,1373,1,1,0,0,4,0,0,0,0,0.07,0.13,1.6,1.6,1.1,0.1,0.07,0.17,0.1,0.17,Matches
442,443,Cenk Tosun,TUR,FW,Crystal Palace,28,1991,5,2,177,1,0,0,0,0,0,0,0,0,0.51,0.51,0.8,0.8,0,0.4,0,0.4,0.4,0.4,Matches
443,444,Cenk Tosun,TUR,FW,Everton,28,1991,5,2,291,1,0,0,0,0,0,0,0,0,0.31,0.31,0.8,0.8,0.1,0.24,0.04,0.27,0.24,0.27,Matches
444,445,Andros Townsend,ENG,MF,Crystal Palace,28,1991,15,9,797,1,1,0,0,0,0,0,0,0,0.11,0.23,0.2,0.2,1.2,0.02,0.14,0.16,0.02,0.16,Matches
445,446,Adama Traore,ESP,FWDF,Wolves,23,1996,28,22,2072,4,7,0,0,0,0,0,0,0,0.17,0.48,2.3,2.3,5.7,0.1,0.25,0.35,0.1,0.35,Matches
446,447,Mark Travers,IRL,GK,Bournemouth,20,1999,1,1,90,0,0,0,0,0,0,0,0,0,0,0,0,0,0,0,0,0,0,0,Matches
447,448,Trezeguet,EGY,FWMF,Aston Villa,24,1994,24,13,1326,3,1,0,0,4,1,0,0,0,0.2,0.27,2.8,2.8,0.7,0.19,0.05,0.24,0.19,0.24,Matches
448,449,Leandro Trossard,BEL,FWMF,Brighton,24,1994,23,16,1444,3,3,0,0,0,0,0,0,0,0.19,0.37,2.6,2.6,3.3,0.16,0.2,0.37,0.16,0.37,Matches
449,450,Tom Trybull,GER,MF,Norwich City,26,1993,14,12,1024,0,0,0,0,2,0,0,0,0,0,0,0.4,0.4,0,0.04,0,0.04,0.04,0.04,Matches
450,451,Axel Tuanzebe,ENG,DF,Manchester Utd,21,1997,5,2,189,0,0,0,0,0,0,0,0,0,0,0,0,0,0,0,0,0,0,0,Matches
451,452,Yan Valery,FRA,DF,Southampton,20,1999,9,8,645,0,0,0,0,1,0,0,0,0,0,0,0.3,0.3,0.7,0.04,0.1,0.14,0.04,0.14,Matches
452,453,Jesus Vallejo,ESP,DF,Wolves,22,1997,2,1,163,0,0,0,0,1,0,0,0,0,0,0,0,0,0,0,0,0,0,0,Matches
453,454,Jamie Vardy,ENG,FW,Leicester City,32,1987,26,25,2223,19,4,4,5,2,0,0,0,0,0.61,0.77,14.2,10.4,3.4,0.58,0.14,0.71,0.42,0.56,Matches
454,455,Indiana Vassilev,USA,FW,Aston Villa,18,2001,2,0,38,0,0,0,0,0,0,0,0,0,0,0,0,0,0,0,0,0,0,0,Matches
455,456,Jan Vertonghen,BEL,DF,Tottenham,32,1987,19,18,1543,1,1,0,0,2,0,0,0,0,0.06,0.12,0.4,0.4,0.9,0.03,0.05,0.08,0.03,0.08,Matches
456,457,Jannik Vestergaard,DEN,DF,Southampton,26,1992,14,13,1136,1,0,0,0,2,0,0,0,0,0.08,0.08,0.8,0.8,0.1,0.06,0.01,0.07,0.06,0.07,Matches
457,458,Ruben Vinagre,POR,DF,Wolves,20,1999,13,5,535,0,0,0,0,1,0,0,0,0,0,0,0.4,0.4,0.6,0.07,0.1,0.17,0.07,0.17,Matches
458,459,Mario Vrancic,BIH,MF,Norwich City,30,1989,12,4,384,1,0,0,0,2,0,0,0,0,0.23,0.23,1.6,1.6,0.9,0.37,0.21,0.57,0.37,0.57,Matches
459,460,Matej Vydra,CZE,FW,Burnley,27,1992,10,2,336,2,1,0,0,0,0,0,0,0,0.54,0.8,2.3,2.3,0.2,0.61,0.05,0.66,0.61,0.66,Matches
460,461,Theo Walcott,ENG,MFFW,Everton,30,1989,21,14,1063,1,2,0,0,1,0,0,0,0,0.08,0.25,2.3,2.3,1.7,0.19,0.14,0.34,0.19,0.34,Matches
461,462,Kyle Walker,ENG,DF,Manchester City,29,1990,21,21,1807,1,2,0,0,4,0,0,0,0,0.05,0.15,0.8,0.8,1.5,0.04,0.07,0.11,0.04,0.11,Matches
462,463,Kyle Walker Peters,ENG,DF,Tottenham,22,1997,3,3,241,0,0,0,0,0,0,0,0,0,0,0,0,0,0.1,0.01,0.03,0.04,0.01,0.04,Matches
463,464,Kyle Walker Peters,ENG,DF,Southampton,22,1997,1,1,72,0,0,0,0,0,0,0,0,0,0,0,0,0,0,0,0,0,0,0,Matches
464,465,Aaron Wan Bissaka,ENG,DF,Manchester Utd,21,1997,26,26,2330,0,2,0,0,5,0,0,0,0,0,0.08,0.4,0.4,2.4,0.01,0.09,0.11,0.01,0.11,Matches
465,466,Victor Wanyama,KEN,MF,Tottenham,28,1991,2,0,25,0,0,0,0,1,0,0,0,0,0,0,0,0,0,0,0,0,0,0,Matches
466,467,Joel Ward,ENG,DF,Crystal Palace,29,1989,20,18,1572,0,0,0,0,3,0,0,0,0,0,0,0.1,0.1,0.2,0.01,0.01,0.02,0.01,0.02,Matches
467,468,James Ward Prowse,ENG,MFDF,Southampton,24,1994,29,29,2610,4,3,1,2,7,0,0,0,0,0.1,0.21,4.4,2.8,3.9,0.15,0.13,0.29,0.09,0.23,Matches
468,469,Adam Webster,ENG,DF,Brighton,24,1995,23,23,2015,3,1,0,0,3,0,0,0,0,0.13,0.18,1.1,1.1,1.2,0.05,0.05,0.1,0.05,0.1,Matches
469,470,Danny Welbeck,ENG,FWMF,Watford,28,1990,9,3,281,0,0,0,0,0,0,0,0,0,0,0,0.6,0.6,0.1,0.21,0.02,0.23,0.21,0.23,Matches
470,471,Ashley Westwood,ENG,MF,Burnley,29,1990,26,26,2340,2,5,0,0,9,0,0,0,0,0.08,0.27,1.1,1.1,4,0.04,0.15,0.2,0.04,0.2,Matches
471,472,Connor Wickham,ENG,FWMF,Crystal Palace,26,1993,6,0,96,1,1,0,0,0,0,0,0,1,0.94,1.87,1.4,1.4,0.6,1.32,0.53,1.85,1.32,1.85,Matches
472,473,Georginio Wijnaldum,NED,MF,Liverpool,28,1990,28,28,2321,3,0,0,0,0,0,0,0,0,0.12,0.12,1.8,1.8,1,0.07,0.04,0.11,0.07,0.11,Matches
473,474,Jetro Willems,NED,DF,Newcastle Utd,25,1994,19,18,1493,2,2,0,0,0,0,0,0,0,0.12,0.24,0.6,0.6,1.3,0.03,0.08,0.11,0.03,0.11,Matches
474,475,Brandon Williams,ENG,DF,Manchester Utd,18,2000,12,9,758,1,0,0,0,5,0,0,0,0,0.12,0.12,0.5,0.5,0.4,0.06,0.05,0.12,0.06,0.12,Matches
475,476,Willian,BRA,FW,Chelsea,30,1988,28,21,1928,5,5,1,1,3,0,0,0,0,0.19,0.42,3.6,2.9,4.6,0.17,0.21,0.38,0.13,0.35,Matches
476,477,Joe Willock,ENG,MF,Arsenal,19,1999,19,6,584,0,0,0,0,1,0,0,0,0,0,0,0.8,0.8,0.5,0.12,0.08,0.2,0.12,0.2,Matches
477,478,Jack Wilshere,ENG,MF,West Ham,27,1992,6,2,178,0,0,0,0,0,0,0,0,0,0,0,0,0,0,0,0,0,0,0,Matches
478,479,Callum Wilson,ENG,FW,Bournemouth,27,1992,28,26,2347,8,0,0,0,9,0,0,0,0,0.31,0.31,8.9,8.9,2.2,0.34,0.09,0.43,0.34,0.43,Matches
479,480,Harry Wilson,WAL,MFFW,Bournemouth,22,1997,23,19,1435,7,0,0,0,1,0,0,0,0,0.44,0.44,3.5,3.5,1.8,0.22,0.11,0.33,0.22,0.33,Matches
480,481,Harry Winks,ENG,MF,Tottenham,23,1996,23,19,1587,0,0,0,0,8,0,0,0,0,0,0,0.4,0.4,0.9,0.02,0.05,0.08,0.02,0.08,Matches
481,482,Chris Wood,NZL,FW,Burnley,27,1991,26,25,2060,11,1,0,0,1,0,0,0,0,0.48,0.52,10,10,0.8,0.44,0.04,0.48,0.44,0.48,Matches
482,483,Granit Xhaka,SUI,MF,Arsenal,26,1992,22,22,1904,0,1,0,0,7,0,0,0,0,0,0.05,0.2,0.2,0.9,0.01,0.04,0.05,0.01,0.05,Matches
483,484,Andriy Yarmolenko,UKR,MF,West Ham,29,1989,15,9,827,3,1,0,0,2,0,0,0,0,0.33,0.44,1.5,1.5,2.5,0.16,0.27,0.43,0.16,0.43,Matches
484,485,DeAndre Yedlin,USA,DF,Newcastle Utd,26,1993,12,8,775,1,0,0,0,3,0,0,0,0,0.12,0.12,0.7,0.7,0.2,0.08,0.03,0.11,0.08,0.11,Matches
485,486,Maya Yoshida,JPN,DF,Southampton,30,1988,8,6,560,0,0,0,0,1,0,0,0,0,0,0,0.6,0.6,0,0.09,0,0.09,0.09,0.09,Matches
486,487,Ashley Young,ENG,DF,Manchester Utd,34,1985,12,10,955,0,0,0,0,5,0,0,0,0,0,0,0.1,0.1,1.2,0.01,0.11,0.12,0.01,0.12,Matches
487,488,Pablo Zabaleta,ARG,DF,West Ham,34,1985,10,6,592,0,0,0,0,2,0,0,0,0,0,0,0.1,0.1,0.4,0.01,0.06,0.06,0.01,0.06,Matches
488,489,Wilfried Zaha,CIV,MFFW,Crystal Palace,26,1992,29,28,2546,3,3,0,0,4,0,0,0,0,0.11,0.21,4,4,2.3,0.14,0.08,0.22,0.14,0.22,Matches
489,490,Christoph Zimmermann,GER,DF,Norwich City,26,1993,15,15,1295,0,1,0,0,2,0,0,0,0,0,0.07,0.4,0.4,0,0.03,0,0.03,0.03,0.03,Matches
490,491,Oleksandr Zinchenko,UKR,DF,Manchester City,22,1996,12,10,906,0,0,0,0,2,1,0,0,0,0,0,0.3,0.3,0.7,0.03,0.07,0.11,0.03,0.11,Matches
491,492,Kurt Zouma,FRA,DF,Chelsea,24,1994,22,19,1804,0,0,0,0,5,0,0,0,0,0,0,0.6,0.6,0.3,0.03,0.01,0.04,0.03,0.04,Matches